idx,result,time_s,max_depth,avg_depth,mincheck_calls,mincheck_time_s,added_clauses
1000,UNSAT,,,,,,
1001,UNSAT,,,,,,
1002,UNSAT,,,,,,
1003,UNSAT,,,,,,
1004,UNSAT,,,,,,
1005,UNSAT,,,,,,
1006,UNSAT,,,,,,
1007,UNSAT,,,,,,
1008,UNSAT,,,,,,
1009,UNSAT,,,,,,
100,UNSAT,,,,,,
1010,UNSAT,,,,,,
1011,UNSAT,,,,,,
1012,UNSAT,,,,,,
1013,UNSAT,,,,,,
1014,UNSAT,,,,,,
1015,UNSAT,,,,,,
1016,UNSAT,,,,,,
1017,UNSAT,,,,,,
1018,UNSAT,,,,,,
1019,UNSAT,,,,,,
101,UNSAT,,,,,,
1020,UNSAT,,,,,,
1021,UNSAT,,,,,,
1022,UNSAT,,,,,,
1023,UNSAT,,,,,,
1024,UNSAT,,,,,,
1025,UNSAT,,,,,,
1026,UNSAT,,,,,,
1027,UNSAT,,,,,,
1028,UNSAT,,,,,,
1029,UNSAT,,,,,,
102,UNSAT,,,,,,
1030,UNSAT,,,,,,
1031,UNSAT,,,,,,
1032,UNSAT,,,,,,
1033,UNSAT,,,,,,
1034,UNSAT,,,,,,
1035,UNSAT,,,,,,
1036,UNSAT,,,,,,
1037,UNSAT,,,,,,
1038,UNSAT,,,,,,
1039,UNSAT,,,,,,
103,UNSAT,,,,,,
1040,UNSAT,,,,,,
1041,UNSAT,,,,,,
1042,UNSAT,,,,,,
1043,UNSAT,,,,,,
1044,UNSAT,,,,,,
1045,UNSAT,,,,,,
1046,UNSAT,,,,,,
1047,UNSAT,,,,,,
1048,UNSAT,,,,,,
1049,UNSAT,,,,,,
104,UNSAT,,,,,,
1050,UNSAT,,,,,,
1051,UNSAT,,,,,,
1052,UNSAT,,,,,,
1053,TIMEOUT,,,,,,
1054,UNSAT,,,,,,
1055,UNSAT,,,,,,
1056,UNSAT,,,,,,
1057,UNSAT,,,,,,
1058,UNSAT,,,,,,
1059,UNSAT,,,,,,
105,UNSAT,,,,,,
1060,UNSAT,,,,,,
1061,UNSAT,,,,,,
1062,UNSAT,,,,,,
1063,UNSAT,,,,,,
1064,UNSAT,,,,,,
1065,UNSAT,,,,,,
1066,UNSAT,,,,,,
1067,UNSAT,,,,,,
1068,UNSAT,,,,,,
1069,UNSAT,,,,,,
106,UNSAT,,,,,,
1070,UNSAT,,,,,,
1071,UNSAT,,,,,,
1072,UNSAT,,,,,,
1073,UNSAT,,,,,,
1074,UNSAT,,,,,,
1075,UNSAT,,,,,,
1076,UNSAT,,,,,,
1077,TIMEOUT,,,,,,
1078,UNSAT,,,,,,
1079,UNSAT,,,,,,
107,UNSAT,,,,,,
1080,UNSAT,,,,,,
1081,UNSAT,,,,,,
1082,UNSAT,,,,,,
1083,UNSAT,,,,,,
1084,UNSAT,,,,,,
1085,UNSAT,,,,,,
1086,UNSAT,,,,,,
1087,UNSAT,,,,,,
1088,UNSAT,,,,,,
1089,UNSAT,,,,,,
108,UNSAT,,,,,,
1090,UNSAT,,,,,,
1091,UNSAT,,,,,,
1092,UNSAT,,,,,,
1093,UNSAT,,,,,,
1094,UNSAT,,,,,,
1095,TIMEOUT,,,,,,
1096,UNSAT,,,,,,
1097,UNSAT,,,,,,
1098,UNSAT,,,,,,
1099,UNSAT,,,,,,
109,UNSAT,,,,,,
10,UNSAT,,,,,,
1100,UNSAT,,,,,,
1101,UNSAT,,,,,,
1102,UNSAT,,,,,,
1103,UNSAT,,,,,,
1104,UNSAT,,,,,,
1105,UNSAT,,,,,,
1106,UNSAT,,,,,,
1107,UNSAT,,,,,,
1108,TIMEOUT,,,,,,
1109,TIMEOUT,,,,,,
110,UNSAT,,,,,,
1110,UNSAT,,,,,,
1111,UNSAT,,,,,,
1112,UNSAT,,,,,,
1113,UNSAT,,,,,,
1114,UNSAT,,,,,,
1115,UNSAT,,,,,,
1116,UNSAT,,,,,,
1117,UNSAT,,,,,,
1118,UNSAT,,,,,,
1119,UNSAT,,,,,,
111,UNSAT,,,,,,
1120,UNSAT,,,,,,
1121,UNSAT,,,,,,
1122,UNSAT,,,,,,
1123,UNSAT,,,,,,
1124,UNSAT,,,,,,
1125,UNSAT,,,,,,
1126,UNSAT,,,,,,
1127,UNSAT,,,,,,
1128,UNSAT,,,,,,
1129,UNSAT,,,,,,
112,UNSAT,,,,,,
1130,UNSAT,,,,,,
1131,UNSAT,,,,,,
1132,UNSAT,,,,,,
1133,UNSAT,,,,,,
1134,UNSAT,,,,,,
1135,UNSAT,,,,,,
1136,UNSAT,,,,,,
1137,UNSAT,,,,,,
1138,UNSAT,,,,,,
1139,UNSAT,,,,,,
113,UNSAT,,,,,,
1140,UNSAT,,,,,,
1141,UNSAT,,,,,,
1142,UNSAT,,,,,,
1143,UNSAT,,,,,,
1144,UNSAT,,,,,,
1145,UNSAT,,,,,,
1146,UNSAT,,,,,,
1147,UNSAT,,,,,,
1148,UNSAT,,,,,,
1149,UNSAT,,,,,,
114,UNSAT,,,,,,
1150,UNSAT,,,,,,
1151,UNSAT,,,,,,
1152,UNSAT,,,,,,
1153,UNSAT,,,,,,
1154,UNSAT,,,,,,
1155,UNSAT,,,,,,
1156,UNSAT,,,,,,
1157,UNSAT,,,,,,
1158,UNSAT,,,,,,
1159,UNSAT,,,,,,
115,UNSAT,,,,,,
1160,UNSAT,,,,,,
1161,UNSAT,,,,,,
1162,UNSAT,,,,,,
1163,UNSAT,,,,,,
1164,UNSAT,,,,,,
1165,UNSAT,,,,,,
1166,UNSAT,,,,,,
1167,UNSAT,,,,,,
1168,UNSAT,,,,,,
1169,UNSAT,,,,,,
116,UNSAT,,,,,,
1170,UNSAT,,,,,,
1171,UNSAT,,,,,,
1172,UNSAT,,,,,,
1173,UNSAT,,,,,,
1174,UNSAT,,,,,,
1175,UNSAT,,,,,,
1176,UNSAT,,,,,,
1177,UNSAT,,,,,,
1178,UNSAT,,,,,,
1179,UNSAT,,,,,,
117,UNSAT,,,,,,
1180,UNSAT,,,,,,
1181,UNSAT,,,,,,
1182,UNSAT,,,,,,
1183,TIMEOUT,,,,,,
1184,UNSAT,,,,,,
1185,TIMEOUT,,,,,,
1186,TIMEOUT,,,,,,
1187,TIMEOUT,,,,,,
1188,UNSAT,,,,,,
1189,TIMEOUT,,,,,,
118,UNSAT,,,,,,
1190,UNSAT,,,,,,
1191,UNSAT,,,,,,
1192,UNSAT,,,,,,
1193,UNSAT,,,,,,
1194,UNSAT,,,,,,
1195,UNSAT,,,,,,
1196,UNSAT,,,,,,
1197,UNSAT,,,,,,
1198,UNSAT,,,,,,
1199,UNSAT,,,,,,
119,UNSAT,,,,,,
11,UNSAT,,,,,,
1200,UNSAT,,,,,,
1201,UNSAT,,,,,,
1202,UNSAT,,,,,,
1203,UNSAT,,,,,,
1204,UNSAT,,,,,,
1205,UNSAT,,,,,,
1206,UNSAT,,,,,,
1207,UNSAT,,,,,,
1208,UNSAT,,,,,,
1209,UNSAT,,,,,,
120,UNSAT,,,,,,
1210,UNSAT,,,,,,
1211,UNSAT,,,,,,
1212,UNSAT,,,,,,
1213,UNSAT,,,,,,
1214,UNSAT,,,,,,
1215,UNSAT,,,,,,
1216,UNSAT,,,,,,
1217,UNSAT,,,,,,
1218,UNSAT,,,,,,
1219,UNSAT,,,,,,
121,UNSAT,,,,,,
1220,UNSAT,,,,,,
1221,UNSAT,,,,,,
1222,UNSAT,,,,,,
1223,UNSAT,,,,,,
1224,UNSAT,,,,,,
1225,UNSAT,,,,,,
1226,UNSAT,,,,,,
1227,UNSAT,,,,,,
1228,UNSAT,,,,,,
1229,UNSAT,,,,,,
122,UNSAT,,,,,,
1230,UNSAT,,,,,,
1231,UNSAT,,,,,,
1232,UNSAT,,,,,,
1233,UNSAT,,,,,,
1234,UNSAT,,,,,,
1235,UNSAT,,,,,,
1236,UNSAT,,,,,,
1237,UNSAT,,,,,,
1238,UNSAT,,,,,,
1239,UNSAT,,,,,,
123,UNSAT,,,,,,
1240,UNSAT,,,,,,
1241,UNSAT,,,,,,
1242,UNSAT,,,,,,
1243,UNSAT,,,,,,
1244,UNSAT,,,,,,
1245,UNSAT,,,,,,
1246,UNSAT,,,,,,
1247,UNSAT,,,,,,
1248,UNSAT,,,,,,
1249,UNSAT,,,,,,
124,UNSAT,,,,,,
1250,UNSAT,,,,,,
1251,UNSAT,,,,,,
1252,UNSAT,,,,,,
1253,UNSAT,,,,,,
1254,UNSAT,,,,,,
1255,UNSAT,,,,,,
1256,UNSAT,,,,,,
1257,UNSAT,,,,,,
1258,UNSAT,,,,,,
1259,UNSAT,,,,,,
125,UNSAT,,,,,,
1260,UNSAT,,,,,,
1261,UNSAT,,,,,,
1262,UNSAT,,,,,,
1263,UNSAT,,,,,,
1264,UNSAT,,,,,,
1265,UNSAT,,,,,,
1266,UNSAT,,,,,,
1267,UNSAT,,,,,,
1268,UNSAT,,,,,,
1269,UNSAT,,,,,,
126,UNSAT,,,,,,
1270,UNSAT,,,,,,
1271,UNSAT,,,,,,
1272,UNSAT,,,,,,
1273,TIMEOUT,,,,,,
1274,ERROR,,,,,,
1275,ERROR,,,,,,
1276,UNSAT,,,,,,
1277,ERROR,,,,,,
1278,UNSAT,,,,,,
1279,UNSAT,,,,,,
127,UNSAT,,,,,,
1280,ERROR,,,,,,
1281,UNSAT,,,,,,
1282,ERROR,,,,,,
1283,UNSAT,128.979588,259,117.506895,12489,2.9890,7569
1284,UNSAT,312.926820,245,116.603114,41932,9.4111,20825
1285,UNSAT,21.417721,305,144.739254,2727,0.6522,2190
1286,UNSAT,395.580168,279,117.671295,45032,11.1719,29047
1287,UNSAT,970.108468,292,115.833918,120258,27.9082,48829
1288,UNSAT,14.013640,253,147.994091,1749,0.4151,1236
1289,UNSAT,1.920734,129,74.138158,5,0.0009,5
128,UNSAT,,,,,,
1290,UNSAT,8.617158,245,149.889013,1070,0.2214,781
1291,UNSAT,201.549121,258,117.785576,19482,4.6642,13279
1292,TIMEOUT,,,,,,
1293,UNSAT,189.483712,236,116.263103,19806,4.7839,8550
1294,TIMEOUT,,,,,,
1295,UNSAT,1.924374,90,46.000000,3,0.0005,3
1296,UNSAT,1.916593,90,46.000000,3,0.0005,3
1297,TIMEOUT,,,,,,
1298,TIMEOUT,,,,,,
1299,UNSAT,2560.357289,240,115.946502,255166,57.5762,97136
129,UNSAT,,,,,,
12,UNSAT,,,,,,
1300,TIMEOUT,,,,,,
1301,TIMEOUT,,,,,,
1302,UNSAT,36.338534,237,128.325117,2700,0.4867,1945
1303,UNSAT,1.801521,90,46.000000,3,0.0007,3
1304,UNSAT,98.483122,256,121.010838,10438,2.2113,6834
1305,UNSAT,156.652228,259,120.160950,19097,4.1155,13534
1306,UNSAT,1.455831,114,60.596639,4,0.0007,3
1307,UNSAT,58.888222,260,125.337674,5666,1.0927,3927
1308,UNSAT,1.858144,114,60.186441,4,0.0007,4
1309,UNSAT,10.941622,243,135.834975,1766,0.2928,1166
130,UNSAT,,,,,,
1310,UNSAT,4.298766,253,150.699545,778,0.1749,507
1311,UNSAT,6.906973,245,145.297460,1120,0.2082,822
1312,UNSAT,1.815001,92,47.000000,3,0.0007,3
1313,UNSAT,1.655114,115,61.000000,4,0.0005,4
1314,UNSAT,9.226030,251,147.099921,1671,0.3194,1110
1315,UNSAT,14.060055,267,144.878810,2926,0.5362,2442
1316,UNSAT,36.566992,253,136.460654,4519,0.7789,3777
1317,UNSAT,16.237618,278,143.207145,3789,0.5888,3217
1318,UNSAT,5.848982,266,149.225348,994,0.1979,540
1319,UNSAT,1.799566,95,48.500000,3,0.0003,3
131,UNSAT,,,,,,
1320,UNSAT,1.815205,95,48.500000,3,0.0004,3
1321,UNSAT,1.817733,92,47.000000,3,0.0005,3
1322,UNSAT,8.464130,254,148.164900,1592,0.2741,1105
1323,UNSAT,1.722645,92,47.000000,3,0.0006,3
1324,UNSAT,1.708345,90,46.000000,3,0.0006,3
1325,UNSAT,1.822068,90,46.000000,3,0.0005,3
1326,UNSAT,187.941842,259,116.490870,18168,4.5675,13151
1327,UNSAT,1.717849,114,60.546218,4,0.0007,4
1328,UNSAT,1.559742,90,46.000000,3,0.0003,3
1329,UNSAT,1.823458,114,60.546218,4,0.0006,4
132,UNSAT,,,,,,
1330,UNSAT,1.639097,90,46.000000,3,0.0004,3
1331,UNSAT,1.719320,90,46.000000,3,0.0006,3
1332,UNSAT,43.041329,265,129.263776,3761,0.8016,2970
1333,UNSAT,54.899648,245,124.021478,4152,0.9042,3734
1334,UNSAT,249.741158,253,116.900284,27519,6.5925,19967
1335,UNSAT,292.081813,253,117.632847,34095,8.6771,23965
1336,UNSAT,1.953439,90,46.000000,3,0.0005,3
1337,UNSAT,194.140699,245,117.480190,19521,4.5850,14114
1338,UNSAT,292.486035,253,116.714370,35353,8.5784,20373
1339,UNSAT,238.524542,247,119.230620,29227,6.5036,21413
133,UNSAT,,,,,,
1340,UNSAT,338.208284,253,118.386384,45322,10.1646,29353
1341,UNSAT,410.337510,275,119.481175,53523,12.7605,34321
1342,UNSAT,1.688113,90,46.000000,3,0.0005,3
1343,UNSAT,1.754563,90,46.000000,3,0.0004,3
1344,UNSAT,1.860346,125,72.020408,5,0.0007,5
1345,UNSAT,1.853364,125,71.863946,5,0.0007,5
1346,TIMEOUT,,,,,,
1347,UNSAT,4.288062,241,147.002822,615,0.1019,389
1348,UNSAT,6.284277,283,147.126586,893,0.1782,642
1349,UNSAT,1.823199,90,46.000000,3,0.0005,3
134,UNSAT,,,,,,
1350,UNSAT,1.752261,90,46.000000,3,0.0004,3
1351,UNSAT,1.666932,115,60.647059,4,0.0006,4
1352,UNSAT,1.754381,90,46.000000,3,0.0005,3
1353,UNSAT,1.767062,90,46.000000,3,0.0005,3
1354,UNSAT,4.348638,247,149.494845,673,0.1301,313
1355,UNSAT,57.951307,262,133.525327,5534,1.0634,3978
1356,UNSAT,5.888416,235,140.605963,1083,0.1798,588
1357,UNSAT,5.893585,267,154.130423,870,0.1674,607
1358,UNSAT,164.685010,254,119.239160,17995,3.6019,10857
1359,TIMEOUT,,,,,,
135,UNSAT,,,,,,
1360,UNSAT,3.560818,234,149.781937,565,0.1567,260
1361,UNSAT,5.550654,234,141.427643,813,0.1602,561
1362,UNSAT,897.508796,252,118.471090,98417,23.0260,52717
1363,UNSAT,8.445596,294,150.006339,1532,0.2647,1056
1364,UNSAT,3170.537972,250,117.142581,372015,89.0734,105101
1365,UNSAT,6.939349,241,136.708082,1015,0.1493,804
1366,UNSAT,79.223116,241,124.240974,9411,1.7927,6532
1367,UNSAT,33.109388,240,126.896484,2079,0.4046,1482
1368,UNSAT,1.799134,187,115.051576,12,0.0011,12
1369,UNSAT,4.133706,234,140.177402,527,0.1007,417
136,UNSAT,,,,,,
1370,UNSAT,209.441780,272,117.903157,22472,5.2983,16472
1371,UNSAT,35.664136,250,138.071030,2774,0.5655,2203
1372,UNSAT,116.877642,277,121.606732,13273,3.2307,9853
1373,UNSAT,259.401591,248,123.354089,28528,7.0381,22145
1374,TIMEOUT,,,,,,
1375,UNSAT,41.438562,250,143.457220,4247,0.8136,3313
1376,TIMEOUT,,,,,,
1377,UNSAT,1.792671,166,99.812766,8,0.0011,8
1378,UNSAT,1.753451,90,46.000000,3,0.0004,3
1379,UNSAT,1.805324,90,46.000000,3,0.0005,3
137,UNSAT,,,,,,
1380,UNSAT,1.822347,90,46.000000,3,0.0004,3
1381,UNSAT,1.699494,90,46.000000,3,0.0004,3
1382,UNSAT,1.853421,90,46.000000,3,0.0003,3
1383,UNSAT,1.739877,90,46.000000,3,0.0003,3
1384,UNSAT,1.770347,90,46.000000,3,0.0004,3
1385,UNSAT,1.939804,90,46.000000,3,0.0004,3
1386,UNSAT,1.835268,90,46.000000,3,0.0003,3
1387,UNSAT,1.804401,90,46.000000,3,0.0005,3
1388,UNSAT,1.845505,90,46.000000,3,0.0003,3
1389,UNSAT,1.780781,90,46.000000,3,0.0004,3
138,UNSAT,,,,,,
1390,UNSAT,1.772060,90,46.000000,3,0.0005,3
1391,UNSAT,1.776129,90,46.000000,3,0.0004,3
1392,UNSAT,1.697367,90,46.000000,3,0.0005,3
1393,UNSAT,1.772220,90,46.000000,3,0.0004,3
1394,UNSAT,1.977054,166,99.812766,8,0.0011,8
1395,UNSAT,1.600469,90,46.000000,3,0.0006,3
1396,UNSAT,1.859971,90,46.000000,3,0.0004,3
1397,UNSAT,1.792030,90,46.000000,3,0.0005,3
1398,UNSAT,1.700223,90,46.000000,3,0.0004,3
1399,UNSAT,1.880557,166,99.547009,8,0.0011,8
139,UNSAT,,,,,,
13,UNSAT,,,,,,
1400,UNSAT,1.859018,167,100.127660,8,0.0008,8
1401,UNSAT,1.896107,166,99.547009,8,0.0012,8
1402,UNSAT,1.944035,167,100.127660,8,0.0014,8
1403,UNSAT,99.009769,259,121.948162,10495,2.4713,5852
1404,UNSAT,4.727157,237,144.156268,726,0.1618,418
1405,UNSAT,1.701655,115,60.647059,4,0.0005,4
1406,UNSAT,1.772880,114,60.596639,4,0.0006,4
1407,UNSAT,102.962407,257,132.389646,11166,2.3249,5989
1408,UNSAT,4.711403,245,156.882728,929,0.1721,281
1409,UNSAT,55.197595,269,132.978510,4436,0.9590,2742
140,UNSAT,,,,,,
1410,UNSAT,159.778021,293,126.277236,17157,3.9729,9212
1411,UNSAT,1.907016,90,46.000000,3,0.0006,3
1412,UNSAT,209.105489,270,121.600164,22067,5.3380,12626
1413,UNSAT,1.760890,90,46.000000,3,0.0005,3
1414,UNSAT,1.370445,114,60.546218,4,0.0007,4
1415,UNSAT,244.646969,277,129.215373,31969,6.7845,12250
1416,UNSAT,51.178473,284,164.840583,8440,1.3394,621
1417,UNSAT,1204.263371,278,118.515539,115332,27.4555,57178
1418,UNSAT,50.816052,304,166.116868,10219,1.4717,793
1419,UNSAT,1.399740,153,91.492683,7,0.0006,7
141,UNSAT,,,,,,
1420,TIMEOUT,,,,,,
1421,UNSAT,1.662043,126,72.540541,5,0.0005,5
1422,UNSAT,1.696787,125,71.863946,5,0.0005,5
1423,UNSAT,1.806849,90,46.000000,3,0.0004,3
1424,UNSAT,113.549161,307,165.932515,23915,4.1655,339
1425,UNSAT,125.750971,348,169.909604,26487,4.3882,244
1426,TIMEOUT,,,,,,
1427,TIMEOUT,,,,,,
1428,UNSAT,3.287464,282,154.272743,761,0.1872,99
1429,UNSAT,1.843787,125,71.863946,5,0.0008,5
142,UNSAT,,,,,,
1430,UNSAT,3.011190,269,151.913191,750,0.1374,75
1431,UNSAT,1.519112,143,82.181818,6,0.0006,6
1432,UNSAT,3.431480,302,153.770037,896,0.1498,177
1433,TIMEOUT,,,,,,
1434,TIMEOUT,,,,,,
1435,UNSAT,1.843945,143,82.181818,6,0.0006,6
1436,UNSAT,122.056308,344,166.171395,26857,4.3122,429
1437,UNSAT,1.735283,143,81.988636,6,0.0007,6
1438,UNSAT,1.915463,90,46.000000,3,0.0004,3
1439,UNSAT,4.810617,303,156.088801,916,0.2126,197
143,UNSAT,,,,,,
1440,UNSAT,1.811538,125,72.020408,5,0.0005,5
1441,UNSAT,970.168878,287,114.879951,115946,24.2288,41990
1442,UNSAT,1.409856,126,73.018634,5,0.0008,5
1443,UNSAT,82.256965,307,139.456653,9815,1.7722,3902
1444,TIMEOUT,,,,,,
1445,TIMEOUT,,,,,,
1446,UNSAT,1841.960554,249,117.704212,161316,35.7500,108686
1447,UNSAT,1.857274,125,72.020408,5,0.0005,5
1448,TIMEOUT,,,,,,
1449,TIMEOUT,,,,,,
144,UNSAT,,,,,,
1450,UNSAT,1832.695072,279,117.767902,161939,38.3224,112468
1451,UNSAT,1.725661,125,72.020408,5,0.0005,5
1452,TIMEOUT,,,,,,
1453,UNSAT,1.408420,144,82.338983,6,0.0007,6
1454,UNSAT,1.748606,114,60.783333,4,0.0006,4
1455,UNSAT,1.725785,125,72.020408,5,0.0006,5
1456,TIMEOUT,,,,,,
1457,UNSAT,1.735935,153,91.492683,7,0.0006,7
1458,TIMEOUT,,,,,,
1459,UNSAT,1.638569,143,81.988636,6,0.0006,6
145,UNSAT,,,,,,
1460,UNSAT,554.831125,290,173.492652,97338,17.9270,1604
1461,ERROR,,,,,,
1462,TIMEOUT,,,,,,
1463,TIMEOUT,,,,,,
1464,TIMEOUT,,,,,,
1465,UNSAT,1.249848,126,72.385135,5,0.0006,4
1466,TIMEOUT,,,,,,
1467,TIMEOUT,,,,,,
1468,UNSAT,1.505947,125,72.020408,5,0.0005,5
1469,TIMEOUT,,,,,,
146,UNSAT,,,,,,
1470,TIMEOUT,,,,,,
1471,TIMEOUT,,,,,,
1472,TIMEOUT,,,,,,
1473,TIMEOUT,,,,,,
1474,TIMEOUT,,,,,,
1475,UNSAT,1.781580,125,72.020408,5,0.0004,5
1476,TIMEOUT,,,,,,
1477,TIMEOUT,,,,,,
1478,ERROR,,,,,,
1479,UNSAT,1.666222,125,72.020408,5,0.0005,5
147,UNSAT,,,,,,
1480,TIMEOUT,,,,,,
1481,TIMEOUT,,,,,,
1482,TIMEOUT,,,,,,
1483,UNSAT,3412.889606,364,149.994170,496673,98.2968,81728
1484,TIMEOUT,,,,,,
1485,TIMEOUT,,,,,,
1486,UNSAT,1.834908,118,62.512195,4,0.0005,4
1487,TIMEOUT,,,,,,
1488,UNSAT,2144.089127,302,124.149467,289756,59.1118,101749
1489,TIMEOUT,,,,,,
148,UNSAT,,,,,,
1490,TIMEOUT,,,,,,
1491,TIMEOUT,,,,,,
1492,TIMEOUT,,,,,,
1493,TIMEOUT,,,,,,
1494,TIMEOUT,,,,,,
1495,TIMEOUT,,,,,,
1496,TIMEOUT,,,,,,
1497,TIMEOUT,,,,,,
1498,TIMEOUT,,,,,,
1499,TIMEOUT,,,,,,
149,UNSAT,,,,,,
14,UNSAT,,,,,,
1500,TIMEOUT,,,,,,
1501,TIMEOUT,,,,,,
1502,TIMEOUT,,,,,,
1503,TIMEOUT,,,,,,
1504,TIMEOUT,,,,,,
1505,TIMEOUT,,,,,,
1506,TIMEOUT,,,,,,
1507,TIMEOUT,,,,,,
1508,TIMEOUT,,,,,,
1509,TIMEOUT,,,,,,
150,UNSAT,,,,,,
1510,TIMEOUT,,,,,,
1511,TIMEOUT,,,,,,
1512,TIMEOUT,,,,,,
1513,TIMEOUT,,,,,,
1514,TIMEOUT,,,,,,
1515,TIMEOUT,,,,,,
1516,TIMEOUT,,,,,,
1517,TIMEOUT,,,,,,
1518,TIMEOUT,,,,,,
1519,TIMEOUT,,,,,,
151,UNSAT,,,,,,
1520,TIMEOUT,,,,,,
1521,TIMEOUT,,,,,,
1522,TIMEOUT,,,,,,
1523,TIMEOUT,,,,,,
1524,TIMEOUT,,,,,,
1525,TIMEOUT,,,,,,
1526,TIMEOUT,,,,,,
1527,TIMEOUT,,,,,,
1528,TIMEOUT,,,,,,
1529,TIMEOUT,,,,,,
152,UNSAT,,,,,,
1530,TIMEOUT,,,,,,
1531,TIMEOUT,,,,,,
1532,TIMEOUT,,,,,,
1533,TIMEOUT,,,,,,
1534,TIMEOUT,,,,,,
1535,TIMEOUT,,,,,,
1536,TIMEOUT,,,,,,
1537,TIMEOUT,,,,,,
1538,TIMEOUT,,,,,,
1539,TIMEOUT,,,,,,
153,UNSAT,,,,,,
1540,TIMEOUT,,,,,,
1541,TIMEOUT,,,,,,
1542,TIMEOUT,,,,,,
1543,TIMEOUT,,,,,,
1544,TIMEOUT,,,,,,
1545,TIMEOUT,,,,,,
1546,TIMEOUT,,,,,,
1547,TIMEOUT,,,,,,
1548,TIMEOUT,,,,,,
1549,TIMEOUT,,,,,,
154,UNSAT,,,,,,
1550,TIMEOUT,,,,,,
1551,TIMEOUT,,,,,,
1552,TIMEOUT,,,,,,
1553,TIMEOUT,,,,,,
1554,TIMEOUT,,,,,,
1555,UNSAT,162.658111,289,134.412552,26109,4.6930,12821
1556,UNSAT,49.404629,266,135.969831,5318,0.8674,3484
1557,UNSAT,72.059442,279,134.539673,10120,1.7050,6845
1558,UNSAT,63.815394,274,137.385194,9802,1.5929,8180
1559,UNSAT,181.188370,306,130.185093,27640,4.7625,13538
155,UNSAT,,,,,,
1560,UNSAT,166.924633,282,130.509009,23781,4.2556,12379
1561,UNSAT,228.184429,268,128.045035,40776,7.0696,25271
1562,UNSAT,61.907179,258,134.031526,10339,1.6513,8108
1563,UNSAT,127.432351,297,132.120148,22898,3.8496,17557
1564,UNSAT,120.974416,268,131.245535,21737,3.8063,16822
1565,UNSAT,272.318977,290,127.049217,46635,9.2306,29105
1566,UNSAT,983.828512,309,129.144691,138182,29.1870,97985
1567,UNSAT,686.239050,271,128.388640,101483,20.2346,63570
1568,TIMEOUT,,,,,,
1569,TIMEOUT,,,,,,
156,UNSAT,,,,,,
1570,TIMEOUT,,,,,,
1571,TIMEOUT,,,,,,
1572,TIMEOUT,,,,,,
1573,UNSAT,924.773265,250,115.193959,114290,25.4143,55163
1574,UNSAT,2402.095589,288,113.878294,233100,51.2082,98684
1575,UNSAT,2173.074751,266,116.919618,228614,51.1026,135542
1576,UNSAT,263.907230,249,118.952321,39087,7.9124,18993
1577,UNSAT,852.040959,254,117.633371,113908,23.1287,56718
1578,UNSAT,759.726046,277,117.392188,93395,19.3098,53893
1579,UNSAT,1773.069896,255,116.316292,207975,46.0218,101162
157,UNSAT,,,,,,
1580,TIMEOUT,,,,,,
1581,TIMEOUT,,,,,,
1582,TIMEOUT,,,,,,
1583,UNSAT,3050.886283,277,116.383413,250271,56.7671,148402
1584,TIMEOUT,,,,,,
1585,TIMEOUT,,,,,,
1586,TIMEOUT,,,,,,
1587,TIMEOUT,,,,,,
1588,TIMEOUT,,,,,,
1589,TIMEOUT,,,,,,
158,UNSAT,,,,,,
1590,TIMEOUT,,,,,,
1591,UNSAT,523.024676,293,126.329609,86166,17.5700,53283
1592,TIMEOUT,,,,,,
1593,TIMEOUT,,,,,,
1594,TIMEOUT,,,,,,
1595,UNSAT,1.740400,90,46.000000,3,0.0005,3
1596,UNSAT,55.883140,265,133.339074,9675,1.5724,7938
1597,UNSAT,162.111569,269,131.329141,27802,5.2183,21632
1598,UNSAT,931.218642,271,129.397419,134538,28.1912,107644
1599,TIMEOUT,,,,,,
159,UNSAT,,,,,,
15,UNSAT,,,,,,
1600,UNSAT,3297.225186,283,128.285317,327524,71.3836,220703
1601,UNSAT,653.064535,257,119.239861,82883,18.1018,48061
1602,TIMEOUT,,,,,,
1603,UNSAT,1.625282,90,46.000000,3,0.0004,3
1604,TIMEOUT,,,,,,
1605,TIMEOUT,,,,,,
1606,TIMEOUT,,,,,,
1607,TIMEOUT,,,,,,
1608,TIMEOUT,,,,,,
1609,UNSAT,119.078320,272,131.572349,25325,4.1705,19872
160,UNSAT,,,,,,
1610,UNSAT,125.521945,265,127.995876,22098,3.9974,14772
1611,UNSAT,105.539885,287,136.372896,21115,3.3325,14477
1612,UNSAT,66.620368,302,133.392128,12981,1.9997,10305
1613,UNSAT,270.829208,280,128.040974,52004,9.3493,37061
1614,UNSAT,105.358433,313,139.054171,16605,2.9425,9681
1615,UNSAT,38.914517,327,141.550379,5051,0.8729,3966
1616,UNSAT,190.391947,275,129.779193,32523,6.1176,21461
1617,TIMEOUT,,,,,,
1618,TIMEOUT,,,,,,
1619,UNSAT,1.837905,90,46.000000,3,0.0003,3
161,UNSAT,,,,,,
1620,UNSAT,656.486996,297,115.644936,74745,17.0523,34214
1621,UNSAT,1.711288,90,46.000000,3,0.0004,3
1622,UNSAT,2894.106294,256,113.223927,233673,59.6565,98424
1623,UNSAT,1.805609,90,46.000000,3,0.0003,3
1624,UNSAT,202.273197,254,115.940382,23456,4.7868,8054
1625,UNSAT,85.704635,339,117.963055,7940,1.5572,1756
1626,UNSAT,188.070347,283,119.382621,20635,4.3982,6488
1627,UNSAT,1045.081712,286,114.483117,96888,25.9775,24529
1628,UNSAT,1.917325,90,46.000000,3,0.0006,3
1629,UNSAT,277.071383,310,116.368508,28211,7.3997,11953
162,UNSAT,,,,,,
1630,UNSAT,477.001262,296,115.669433,41795,10.8521,9383
1631,UNSAT,2988.810135,307,114.139696,268636,67.1158,87514
1632,UNSAT,1.933835,90,46.000000,3,0.0005,3
1633,UNSAT,459.635067,279,125.254119,62040,16.6604,47689
1634,UNSAT,1053.871379,286,125.316249,140084,33.0268,102064
1635,UNSAT,262.271347,278,127.413286,43563,10.0093,29932
1636,UNSAT,1.870596,92,47.000000,3,0.0007,3
1637,TIMEOUT,,,,,,
1638,TIMEOUT,,,,,,
1639,UNSAT,1.764585,90,46.000000,3,0.0003,3
163,UNSAT,,,,,,
1640,UNSAT,3393.332632,270,113.891744,315962,80.2923,99908
1641,UNSAT,1.808056,126,72.229730,5,0.0007,5
1642,UNSAT,1.645896,90,46.000000,3,0.0003,3
1643,TIMEOUT,,,,,,
1644,TIMEOUT,,,,,,
1645,TIMEOUT,,,,,,
1646,TIMEOUT,,,,,,
1647,TIMEOUT,,,,,,
1648,TIMEOUT,,,,,,
1649,UNSAT,1.421474,92,47.000000,3,0.0003,3
164,UNSAT,,,,,,
1650,TIMEOUT,,,,,,
1651,TIMEOUT,,,,,,
1652,TIMEOUT,,,,,,
1653,TIMEOUT,,,,,,
1654,UNSAT,1525.389823,312,123.178202,210804,47.6388,133454
1655,UNSAT,619.702362,303,126.357062,99041,21.0911,64465
1656,TIMEOUT,,,,,,
1657,UNSAT,3344.700241,303,123.501349,355009,83.1090,173189
1658,TIMEOUT,,,,,,
1659,TIMEOUT,,,,,,
165,UNSAT,,,,,,
1660,TIMEOUT,,,,,,
1661,TIMEOUT,,,,,,
1662,TIMEOUT,,,,,,
1663,TIMEOUT,,,,,,
1664,UNSAT,1.682639,92,47.000000,3,0.0003,3
1665,TIMEOUT,,,,,,
1666,UNSAT,1.668969,95,48.500000,3,0.0003,3
1667,UNSAT,1.751689,92,47.000000,3,0.0002,3
1668,TIMEOUT,,,,,,
1669,TIMEOUT,,,,,,
166,UNSAT,,,,,,
1670,TIMEOUT,,,,,,
1671,TIMEOUT,,,,,,
1672,TIMEOUT,,,,,,
1673,UNSAT,1.677336,90,46.000000,3,0.0003,3
1674,UNSAT,1601.735318,302,112.429179,169480,39.3279,21705
1675,UNSAT,3.838938,303,169.504113,1012,0.1469,337
1676,TIMEOUT,,,,,,
1677,UNSAT,1.648679,90,46.000000,3,0.0003,3
1678,UNSAT,1.709753,90,46.000000,3,0.0003,3
1679,UNSAT,1.737727,90,46.000000,3,0.0003,3
167,UNSAT,,,,,,
1680,UNSAT,3538.248309,302,115.089944,323919,77.1081,59300
1681,UNSAT,100.598710,301,164.395644,21726,3.8229,1455
1682,TIMEOUT,,,,,,
1683,UNSAT,1.534155,90,46.000000,3,0.0003,3
1684,TIMEOUT,,,,,,
1685,UNSAT,1.467331,90,46.000000,3,0.0003,3
1686,UNSAT,1.670726,90,46.000000,3,0.0003,3
1687,UNSAT,1.430946,90,46.000000,3,0.0004,3
1688,TIMEOUT,,,,,,
1689,UNSAT,1.798446,90,46.000000,3,0.0003,3
168,UNSAT,,,,,,
1690,TIMEOUT,,,,,,
1691,UNSAT,1.729639,90,46.000000,3,0.0004,3
1692,TIMEOUT,,,,,,
1693,UNSAT,82.809389,307,163.764339,18245,2.9377,671
1694,TIMEOUT,,,,,,
1695,UNSAT,1.759167,90,46.000000,3,0.0003,3
1696,UNSAT,1.654481,90,46.000000,3,0.0003,3
1697,UNSAT,7.461232,308,156.109552,2910,0.3739,251
1698,TIMEOUT,,,,,,
1699,UNSAT,1.484070,90,46.000000,3,0.0005,3
169,UNSAT,,,,,,
16,UNSAT,,,,,,
1700,UNSAT,4.267885,316,166.449007,891,0.1689,213
1701,UNSAT,10.215035,306,162.426549,3142,0.4666,446
1702,TIMEOUT,,,,,,
1703,TIMEOUT,,,,,,
1704,TIMEOUT,,,,,,
1705,TIMEOUT,,,,,,
1706,TIMEOUT,,,,,,
1707,TIMEOUT,,,,,,
1708,TIMEOUT,,,,,,
1709,UNSAT,1.749860,92,47.000000,3,0.0005,3
170,UNSAT,,,,,,
1710,TIMEOUT,,,,,,
1711,TIMEOUT,,,,,,
1712,TIMEOUT,,,,,,
1713,TIMEOUT,,,,,,
1714,TIMEOUT,,,,,,
1715,TIMEOUT,,,,,,
1716,TIMEOUT,,,,,,
1717,TIMEOUT,,,,,,
1718,TIMEOUT,,,,,,
1719,UNSAT,1.662847,114,60.546218,4,0.0006,4
171,UNSAT,,,,,,
1720,UNSAT,1.689094,90,46.000000,3,0.0006,3
1721,TIMEOUT,,,,,,
1722,UNSAT,4.579481,303,157.364325,1090,0.1784,370
1723,TIMEOUT,,,,,,
1724,UNSAT,1.403669,90,46.000000,3,0.0003,3
1725,UNSAT,1.726993,90,46.000000,3,0.0003,3
1726,UNSAT,1.862084,114,60.546218,4,0.0007,4
1727,UNSAT,1.417168,90,46.000000,3,0.0003,3
1728,UNSAT,3.860600,304,156.699877,815,0.1511,96
1729,TIMEOUT,,,,,,
172,UNSAT,,,,,,
1730,TIMEOUT,,,,,,
1731,UNSAT,4.454804,312,161.993113,856,0.1814,138
1732,TIMEOUT,,,,,,
1733,ERROR,,,,,,
1734,ERROR,,,,,,
1735,ERROR,,,,,,
1736,ERROR,,,,,,
1737,ERROR,,,,,,
1738,ERROR,,,,,,
1739,ERROR,,,,,,
173,UNSAT,,,,,,
1740,ERROR,,,,,,
1741,ERROR,,,,,,
1742,UNSAT,485.338716,298,166.713975,86722,16.0194,1021
1743,ERROR,,,,,,
1744,ERROR,,,,,,
1745,UNSAT,3.292393,254,155.664643,799,0.1392,97
1746,UNSAT,3.828251,254,155.243029,830,0.1443,124
1747,UNSAT,8.224757,292,150.964614,2759,0.4301,494
1748,UNSAT,96.595966,277,153.905872,14231,2.1263,5082
1749,UNSAT,804.522343,304,133.300005,109495,22.5337,50343
174,UNSAT,,,,,,
1750,UNSAT,85.035712,276,164.554639,15659,2.4187,1383
1751,ERROR,,,,,,
1752,UNSAT,121.969535,287,166.344801,25415,4.1505,383
1753,ERROR,,,,,,
1754,ERROR,,,,,,
1755,ERROR,,,,,,
1756,ERROR,,,,,,
1757,ERROR,,,,,,
1758,ERROR,,,,,,
1759,ERROR,,,,,,
175,UNSAT,,,,,,
1760,ERROR,,,,,,
1761,ERROR,,,,,,
1762,ERROR,,,,,,
1763,UNSAT,26.720912,284,160.734549,4112,0.8074,1152
1764,ERROR,,,,,,
1765,UNSAT,5.775569,237,152.875615,915,0.2084,209
1766,UNSAT,8.948922,249,148.227602,1853,0.3799,391
1767,UNSAT,17.699219,302,158.621458,3086,0.6445,1310
1768,ERROR,,,,,,
1769,ERROR,,,,,,
176,UNSAT,,,,,,
1770,UNSAT,7.620590,243,149.197251,1037,0.3251,435
1771,ERROR,,,,,,
1772,ERROR,,,,,,
1773,ERROR,,,,,,
1774,ERROR,,,,,,
1775,ERROR,,,,,,
1776,ERROR,,,,,,
1777,ERROR,,,,,,
1778,UNSAT,7.407360,251,150.410011,946,0.1982,420
1779,ERROR,,,,,,
177,UNSAT,,,,,,
1780,ERROR,,,,,,
1781,ERROR,,,,,,
1782,ERROR,,,,,,
1783,UNSAT,5.916413,254,156.686072,827,0.1689,218
1784,UNSAT,11.320935,244,154.287741,1898,0.4048,819
1785,ERROR,,,,,,
1786,ERROR,,,,,,
1787,ERROR,,,,,,
1788,ERROR,,,,,,
1789,ERROR,,,,,,
178,UNSAT,,,,,,
1790,ERROR,,,,,,
1791,UNSAT,8.573348,247,147.241112,1104,0.2521,436
1792,ERROR,,,,,,
1793,ERROR,,,,,,
1794,ERROR,,,,,,
1795,UNSAT,10.918858,259,148.178357,2011,0.4921,946
1796,ERROR,,,,,,
1797,ERROR,,,,,,
1798,ERROR,,,,,,
1799,UNSAT,2.171135,126,72.385135,5,0.0010,4
179,UNSAT,,,,,,
17,UNSAT,,,,,,
1800,ERROR,,,,,,
1801,UNSAT,2.064179,126,72.385135,5,0.0007,4
1802,ERROR,,,,,,
1803,UNSAT,1.789381,126,72.385135,5,0.0005,4
1804,ERROR,,,,,,
1805,ERROR,,,,,,
1806,UNSAT,2.158767,126,72.385135,5,0.0014,4
1807,ERROR,,,,,,
1808,ERROR,,,,,,
1809,UNSAT,1.933005,126,72.385135,5,0.0013,4
180,UNSAT,,,,,,
1810,ERROR,,,,,,
1811,ERROR,,,,,,
1812,UNSAT,1.999317,126,72.385135,5,0.0007,4
1813,ERROR,,,,,,
1814,ERROR,,,,,,
1815,UNSAT,2.185405,126,72.385135,5,0.0011,4
1816,ERROR,,,,,,
1817,ERROR,,,,,,
1818,ERROR,,,,,,
1819,ERROR,,,,,,
181,UNSAT,,,,,,
1820,ERROR,,,,,,
1821,ERROR,,,,,,
1822,ERROR,,,,,,
1823,ERROR,,,,,,
1824,ERROR,,,,,,
1825,ERROR,,,,,,
1826,ERROR,,,,,,
1827,ERROR,,,,,,
1828,UNSAT,16.496013,258,157.194813,2938,0.6751,731
1829,ERROR,,,,,,
182,UNSAT,,,,,,
1830,ERROR,,,,,,
1831,ERROR,,,,,,
1832,ERROR,,,,,,
1833,ERROR,,,,,,
1834,ERROR,,,,,,
1835,ERROR,,,,,,
1836,ERROR,,,,,,
1837,ERROR,,,,,,
1838,ERROR,,,,,,
1839,ERROR,,,,,,
183,UNSAT,,,,,,
1840,ERROR,,,,,,
1841,ERROR,,,,,,
1842,ERROR,,,,,,
1843,UNSAT,477.875968,278,148.280135,58982,13.3742,14025
1844,TIMEOUT,,,,,,
1845,TIMEOUT,,,,,,
1846,TIMEOUT,,,,,,
1847,TIMEOUT,,,,,,
1848,TIMEOUT,,,,,,
1849,UNSAT,1.865731,126,72.385135,5,0.0007,4
184,UNSAT,,,,,,
1850,TIMEOUT,,,,,,
1851,UNSAT,289.008738,269,119.425878,31278,7.4894,15886
1852,UNSAT,1.957635,126,72.385135,5,0.0012,4
1853,UNSAT,742.358014,253,122.220479,74747,18.2678,50148
1854,UNSAT,1.936755,126,72.385135,5,0.0010,4
1855,TIMEOUT,,,,,,
1856,UNSAT,1.961629,116,61.150000,4,0.0008,3
1857,TIMEOUT,,,,,,
1858,UNSAT,159.622956,285,119.860776,16732,4.0133,6524
1859,UNSAT,319.025698,277,114.985779,40964,9.4652,15070
185,UNSAT,,,,,,
1860,TIMEOUT,,,,,,
1861,UNSAT,605.229735,273,117.908329,70833,16.1405,28963
1862,UNSAT,7.123173,248,150.455986,1790,0.2665,484
1863,UNSAT,5.724450,242,148.379317,991,0.1509,476
1864,UNSAT,29.504857,252,141.530797,2241,0.3957,1203
1865,UNSAT,6.208247,247,146.240849,1195,0.1928,574
1866,UNSAT,30.357255,270,142.274845,2813,0.4113,921
1867,UNSAT,1.736799,147,84.298343,6,0.0009,6
1868,UNSAT,41.473171,288,151.006905,4435,0.7262,1528
1869,UNSAT,40.836777,276,136.295813,4475,0.8232,3137
186,UNSAT,,,,,,
1870,UNSAT,102.087185,260,133.191624,9994,1.9563,3900
1871,TIMEOUT,,,,,,
1872,TIMEOUT,,,,,,
1873,TIMEOUT,,,,,,
1874,TIMEOUT,,,,,,
1875,TIMEOUT,,,,,,
1876,TIMEOUT,,,,,,
1877,TIMEOUT,,,,,,
1878,TIMEOUT,,,,,,
1879,TIMEOUT,,,,,,
187,UNSAT,,,,,,
1880,TIMEOUT,,,,,,
1881,TIMEOUT,,,,,,
1882,TIMEOUT,,,,,,
1883,TIMEOUT,,,,,,
1884,TIMEOUT,,,,,,
1885,UNSAT,444.573599,272,125.139252,62201,13.4330,50208
1886,TIMEOUT,,,,,,
1887,UNSAT,1.849589,90,46.000000,3,0.0006,3
1888,UNSAT,1.784240,90,46.000000,3,0.0004,3
1889,UNSAT,1146.874837,264,124.953167,143373,30.4834,108005
188,UNSAT,,,,,,
1890,TIMEOUT,,,,,,
1891,TIMEOUT,,,,,,
1892,TIMEOUT,,,,,,
1893,TIMEOUT,,,,,,
1894,TIMEOUT,,,,,,
1895,TIMEOUT,,,,,,
1896,TIMEOUT,,,,,,
1897,UNSAT,9.456592,260,148.037403,1589,0.2755,983
1898,UNSAT,11.260749,277,146.724335,1939,0.3801,1319
1899,UNSAT,33.826261,252,146.900503,3410,0.6289,1148
189,UNSAT,,,,,,
18,UNSAT,,,,,,
1900,UNSAT,62.797739,256,130.769113,5941,1.1049,2125
1901,UNSAT,119.566738,285,130.178889,19461,3.7312,14185
1902,UNSAT,1023.663538,285,127.595770,160661,34.0217,102529
1903,TIMEOUT,,,,,,
1904,TIMEOUT,,,,,,
1905,TIMEOUT,,,,,,
1906,UNSAT,1.666862,144,82.531073,6,0.0007,6
1907,UNSAT,1.597071,153,91.234146,7,0.0010,7
1908,UNSAT,1.679142,153,91.234146,7,0.0010,7
1909,TIMEOUT,,,,,,
190,UNSAT,,,,,,
1910,TIMEOUT,,,,,,
1911,TIMEOUT,,,,,,
1912,TIMEOUT,,,,,,
1913,TIMEOUT,,,,,,
1914,TIMEOUT,,,,,,
1915,UNSAT,1.733595,145,83.264045,6,0.0007,6
1916,UNSAT,8.878412,313,157.104186,2540,0.4133,645
1917,UNSAT,1.688594,90,46.000000,3,0.0003,3
1918,UNSAT,1.502438,90,46.000000,3,0.0004,3
1919,UNSAT,1.690294,90,46.000000,3,0.0004,3
191,UNSAT,,,,,,
1920,UNSAT,1.751645,90,46.000000,3,0.0003,3
1921,UNSAT,1.806655,90,46.000000,3,0.0003,3
1922,UNSAT,1.771335,90,46.000000,3,0.0003,3
1923,UNSAT,1.697599,90,46.000000,3,0.0003,3
1924,UNSAT,1.694009,90,46.000000,3,0.0003,3
1925,UNSAT,1.687692,90,46.000000,3,0.0003,3
1926,UNSAT,9.202000,303,159.031786,2506,0.3728,604
1927,UNSAT,1.456822,90,46.000000,3,0.0003,3
1928,UNSAT,1.335328,90,46.000000,3,0.0003,3
1929,UNSAT,1.406899,90,46.000000,3,0.0003,3
192,UNSAT,,,,,,
1930,UNSAT,1.558908,90,46.000000,3,0.0003,3
1931,UNSAT,1.676936,90,46.000000,3,0.0003,3
1932,UNSAT,4.394351,245,141.216437,986,0.1727,566
1933,UNSAT,1.684127,90,46.000000,3,0.0003,3
1934,UNSAT,1.737439,90,46.000000,3,0.0003,3
1935,UNSAT,1.655767,90,46.000000,3,0.0004,3
1936,UNSAT,1.743171,90,46.000000,3,0.0003,3
1937,UNSAT,1.678325,90,46.000000,3,0.0003,3
1938,UNSAT,2.880785,239,156.598379,644,0.1474,69
1939,UNSAT,2.855918,238,150.298983,678,0.1327,92
193,UNSAT,,,,,,
1940,UNSAT,3.104522,232,150.086020,764,0.1611,93
1941,UNSAT,2.827972,238,145.956363,509,0.1071,199
1942,UNSAT,1.642410,210,130.424138,20,0.0012,20
1943,UNSAT,30.814754,245,131.349586,2706,0.4658,1496
1944,UNSAT,1.707220,90,46.000000,3,0.0003,3
1945,UNSAT,1.775584,90,46.000000,3,0.0004,3
1946,UNSAT,1.792080,199,122.397849,16,0.0014,16
1947,UNSAT,1.585785,90,46.000000,3,0.0004,3
1948,UNSAT,1.624158,90,46.000000,3,0.0004,3
1949,UNSAT,1.430229,90,46.000000,3,0.0003,3
194,UNSAT,,,,,,
1950,UNSAT,1.615306,199,122.397849,16,0.0010,16
1951,UNSAT,3.999627,246,154.223185,836,0.1771,274
1952,UNSAT,2.958606,249,153.604990,596,0.1259,168
1953,UNSAT,1.553742,207,129.271586,22,0.0019,22
1954,UNSAT,3.880257,236,149.659965,765,0.1442,182
1955,UNSAT,1.378578,90,46.000000,3,0.0003,3
1956,UNSAT,1.838966,90,46.000000,3,0.0003,3
1957,UNSAT,1.690318,90,46.000000,3,0.0003,3
1958,UNSAT,7.310648,250,152.914443,1931,0.2658,671
1959,UNSAT,1.721564,90,46.000000,3,0.0003,3
195,UNSAT,,,,,,
1960,UNSAT,3.741054,229,145.085777,539,0.1018,303
1961,UNSAT,1.588467,90,46.000000,3,0.0003,3
1962,UNSAT,7.697199,243,148.482033,1749,0.2745,685
1963,UNSAT,1.924423,90,46.000000,3,0.0003,3
1964,UNSAT,2.063072,90,46.000000,3,0.0005,3
1965,UNSAT,1.921015,90,46.000000,3,0.0004,3
1966,UNSAT,2.046634,199,122.397849,16,0.0021,16
1967,UNSAT,1.858782,90,46.000000,3,0.0004,3
1968,UNSAT,1.944749,199,122.397849,16,0.0017,16
1969,UNSAT,9.101658,251,153.204340,2253,0.3918,681
196,UNSAT,,,,,,
1970,UNSAT,8.118507,255,157.085529,1693,0.3017,385
1971,UNSAT,8.513118,256,148.290708,2194,0.4576,938
1972,UNSAT,9.178901,290,157.228597,2458,0.4343,571
1973,UNSAT,15.271319,281,159.818195,4610,0.7358,1334
1974,UNSAT,13.734444,265,160.939820,3512,0.6132,1255
1975,UNSAT,13.829748,333,162.531145,3050,0.5679,1074
1976,UNSAT,1.447972,199,116.600985,14,0.0011,14
1978,UNSAT,1.976941,144,82.531073,6,0.0007,6
1979,UNSAT,59.406158,266,161.320118,8506,1.6756,2400
197,UNSAT,,,,,,
1981,UNSAT,1.752332,113,60.093220,4,0.0005,4
1982,UNSAT,1.778547,90,46.000000,3,0.0004,3
1984,UNSAT,69.402830,252,124.872665,6516,1.3575,1346
1985,UNSAT,4.721871,305,154.613124,909,0.1878,262
1986,UNSAT,89.220444,286,163.703969,20231,3.3270,1465
1989,UNSAT,9.566975,267,155.921127,2713,0.4630,424
198,UNSAT,,,,,,
1990,UNSAT,9.250673,291,154.851318,2668,0.4004,435
1994,UNSAT,1.485261,147,84.382022,6,0.0007,6
1995,UNSAT,8.728249,265,154.484061,2260,0.3418,492
1996,UNSAT,1.752011,90,46.000000,3,0.0004,3
1997,UNSAT,3.870678,236,129.444039,461,0.0988,392
1998,UNSAT,2.406971,260,160.443034,472,0.0854,63
1999,UNSAT,2.182302,232,139.015354,271,0.0439,180
199,UNSAT,,,,,,
19,UNSAT,,,,,,
1,UNSAT,,,,,,
2000,UNSAT,13.805765,252,155.391217,3589,0.5640,1223
2001,UNSAT,2.063972,225,133.984661,221,0.0384,180
2002,UNSAT,1.818367,90,46.000000,3,0.0004,3
2003,UNSAT,1.351981,90,46.000000,3,0.0003,3
2004,UNSAT,1.781777,90,46.000000,3,0.0003,3
2005,UNSAT,1.854202,90,46.000000,3,0.0003,3
2006,UNSAT,1.760264,90,46.000000,3,0.0004,3
2007,UNSAT,2.303187,229,142.253203,178,0.0302,111
2008,UNSAT,1.719144,90,46.000000,3,0.0003,3
2009,UNSAT,1.420936,90,46.000000,3,0.0003,3
200,UNSAT,,,,,,
2010,UNSAT,1.731300,90,46.000000,3,0.0004,3
2011,UNSAT,8.406335,267,158.337685,2429,0.3735,221
2012,UNSAT,1.698825,90,46.000000,3,0.0004,3
2013,UNSAT,65.976925,253,165.448967,11675,1.7289,1267
2014,UNSAT,1.720597,90,46.000000,3,0.0003,3
2015,UNSAT,2.431376,229,149.137554,500,0.0744,108
2016,UNSAT,1.849938,90,46.000000,3,0.0003,3
2017,UNSAT,1.809065,90,46.000000,3,0.0003,3
2018,UNSAT,1.656513,90,46.000000,3,0.0003,3
2019,UNSAT,2.246811,229,149.052998,501,0.0904,110
201,UNSAT,,,,,,
2020,UNSAT,1.507346,90,46.000000,3,0.0004,3
2021,UNSAT,1.706620,90,46.000000,3,0.0003,3
2022,UNSAT,1.745132,170,108.937695,11,0.0012,11
2023,UNSAT,1.712767,90,46.000000,3,0.0003,3
2024,UNSAT,1.610129,170,105.356164,10,0.0010,10
2025,UNSAT,4.631629,272,149.134689,1142,0.1366,617
2026,UNSAT,5.637701,257,144.933740,1228,0.1932,659
2027,UNSAT,1.719337,153,91.533981,7,0.0007,7
2028,UNSAT,1.483475,146,83.614525,6,0.0007,6
2029,UNSAT,1.702897,144,82.531073,6,0.0007,6
202,UNSAT,,,,,,
2030,UNSAT,4.207210,241,143.421093,791,0.1198,177
2031,UNSAT,7.939706,308,158.042114,2731,0.3955,436
2035,UNSAT,48.956915,281,165.644751,8476,1.4631,512
2037,UNSAT,7.219948,255,154.759340,1793,0.3187,232
2038,UNSAT,3.912985,247,153.813774,639,0.1397,103
2039,UNSAT,8.096110,257,155.249996,2047,0.3746,181
203,UNSAT,,,,,,
2040,UNSAT,3.709264,240,154.668337,641,0.1295,77
2041,UNSAT,3.102130,236,151.263494,685,0.1477,59
2042,UNSAT,1.737413,90,46.000000,3,0.0005,3
2043,UNSAT,1.799153,90,46.000000,3,0.0004,3
2044,UNSAT,1.749295,90,46.000000,3,0.0004,3
2045,UNSAT,1.728586,90,46.000000,3,0.0004,3
2046,UNSAT,1.752276,90,46.000000,3,0.0003,3
2047,UNSAT,1.742422,90,46.000000,3,0.0003,3
2048,UNSAT,2.016921,224,142.052386,162,0.0282,135
2049,UNSAT,1.821834,221,141.124690,42,0.0039,42
204,UNSAT,,,,,,
2051,UNSAT,1.841595,90,46.000000,3,0.0005,3
2052,UNSAT,1.839735,90,46.000000,3,0.0005,3
2053,UNSAT,1.957016,227,140.332917,137,0.0231,107
2054,UNSAT,1.843339,170,104.194656,9,0.0010,9
2055,UNSAT,3.089705,239,152.138006,614,0.1398,76
2056,UNSAT,4.002734,234,150.951348,680,0.1483,71
2057,UNSAT,4.194982,247,152.552253,760,0.1698,128
2058,UNSAT,2.094802,221,146.983051,164,0.0342,86
2059,UNSAT,1.827733,90,46.000000,3,0.0003,3
205,UNSAT,,,,,,
2060,UNSAT,1.819545,90,46.000000,3,0.0003,3
2061,UNSAT,1.847863,90,46.000000,3,0.0004,3
2062,UNSAT,1.829241,90,46.000000,3,0.0004,3
2063,UNSAT,1.870463,90,46.000000,3,0.0003,3
2064,UNSAT,1.876455,90,46.000000,3,0.0004,3
2065,UNSAT,1.828910,90,46.000000,3,0.0004,3
2066,UNSAT,2.087776,239,148.001133,179,0.0325,76
2067,UNSAT,1.800405,90,46.000000,3,0.0003,3
2068,UNSAT,1.811956,90,46.000000,3,0.0004,3
2069,UNSAT,1.822977,90,46.000000,3,0.0005,3
206,UNSAT,,,,,,
2070,UNSAT,5.254064,249,141.733603,615,0.1234,410
2071,UNSAT,4.548249,233,135.691962,614,0.1223,411
2072,UNSAT,1.940692,206,127.578584,20,0.0023,20
2073,UNSAT,1.829564,170,108.781250,11,0.0011,11
2074,UNSAT,1.883806,170,108.937695,11,0.0012,11
2075,UNSAT,1.894990,90,46.000000,3,0.0004,3
2076,UNSAT,1.838121,174,111.590769,11,0.0011,11
2077,UNSAT,1.885791,171,106.000000,10,0.0014,10
2078,UNSAT,1.875787,170,105.271478,10,0.0013,10
2079,UNSAT,1.869836,170,105.356164,10,0.0012,10
207,UNSAT,,,,,,
2080,UNSAT,4.307250,234,150.402986,749,0.1715,105
2081,UNSAT,5.280255,271,154.367414,863,0.1863,223
2082,UNSAT,8.546480,256,157.713376,2141,0.3813,184
208,UNSAT,,,,,,
209,UNSAT,,,,,,
20,UNSAT,,,,,,
210,UNSAT,,,,,,
211,UNSAT,,,,,,
212,UNSAT,,,,,,
213,UNSAT,,,,,,
214,UNSAT,,,,,,
215,UNSAT,,,,,,
216,UNSAT,,,,,,
217,UNSAT,,,,,,
218,UNSAT,,,,,,
219,UNSAT,,,,,,
21,UNSAT,,,,,,
220,UNSAT,,,,,,
221,UNSAT,,,,,,
222,UNSAT,,,,,,
223,UNSAT,,,,,,
224,UNSAT,,,,,,
225,UNSAT,,,,,,
226,UNSAT,,,,,,
227,UNSAT,,,,,,
228,UNSAT,,,,,,
229,UNSAT,,,,,,
22,UNSAT,,,,,,
230,UNSAT,,,,,,
231,UNSAT,,,,,,
232,UNSAT,,,,,,
233,UNSAT,,,,,,
234,UNSAT,,,,,,
235,UNSAT,,,,,,
236,UNSAT,,,,,,
237,UNSAT,,,,,,
238,UNSAT,,,,,,
239,UNSAT,,,,,,
23,UNSAT,,,,,,
240,UNSAT,,,,,,
241,UNSAT,,,,,,
242,UNSAT,,,,,,
243,UNSAT,,,,,,
244,UNSAT,,,,,,
245,UNSAT,,,,,,
246,UNSAT,,,,,,
247,UNSAT,,,,,,
248,UNSAT,,,,,,
249,UNSAT,,,,,,
24,UNSAT,,,,,,
2500,UNSAT,,,,,,
2501,UNSAT,,,,,,
2502,UNSAT,,,,,,
2503,UNSAT,,,,,,
2504,UNSAT,,,,,,
2505,UNSAT,,,,,,
2506,UNSAT,,,,,,
2507,UNSAT,,,,,,
2508,UNSAT,,,,,,
2509,UNSAT,,,,,,
250,UNSAT,,,,,,
2510,UNSAT,,,,,,
2511,UNSAT,,,,,,
2512,UNSAT,,,,,,
2513,UNSAT,,,,,,
2514,UNSAT,,,,,,
2515,UNSAT,,,,,,
2516,UNSAT,,,,,,
2517,UNSAT,,,,,,
2518,UNSAT,,,,,,
2519,UNSAT,,,,,,
251,UNSAT,,,,,,
2520,UNSAT,,,,,,
2521,UNSAT,,,,,,
2522,UNSAT,,,,,,
2523,UNSAT,,,,,,
2524,UNSAT,,,,,,
2525,UNSAT,,,,,,
2526,UNSAT,,,,,,
2527,UNSAT,,,,,,
2528,UNSAT,,,,,,
2529,UNSAT,,,,,,
252,UNSAT,,,,,,
2530,UNSAT,,,,,,
2531,UNSAT,,,,,,
2532,UNSAT,,,,,,
2533,UNSAT,,,,,,
2534,UNSAT,,,,,,
2535,UNSAT,,,,,,
2536,UNSAT,,,,,,
2537,UNSAT,,,,,,
2538,UNSAT,,,,,,
2539,UNSAT,,,,,,
253,UNSAT,,,,,,
2540,UNSAT,,,,,,
2541,UNSAT,,,,,,
2542,UNSAT,,,,,,
2543,UNSAT,,,,,,
2544,UNSAT,,,,,,
2545,TIMEOUT,,,,,,
2546,UNSAT,,,,,,
2547,UNSAT,,,,,,
2548,UNSAT,,,,,,
2549,UNSAT,,,,,,
254,UNSAT,,,,,,
2550,UNSAT,,,,,,
2551,UNSAT,,,,,,
2552,UNSAT,,,,,,
2553,UNSAT,,,,,,
2554,UNSAT,,,,,,
2555,UNSAT,,,,,,
2556,UNSAT,,,,,,
2557,UNSAT,,,,,,
2558,UNSAT,,,,,,
2559,UNSAT,,,,,,
255,UNSAT,,,,,,
2560,UNSAT,,,,,,
2561,UNSAT,,,,,,
2562,UNSAT,,,,,,
2563,UNSAT,,,,,,
2564,UNSAT,,,,,,
2565,UNSAT,,,,,,
2566,UNSAT,,,,,,
2567,UNSAT,,,,,,
2568,UNSAT,,,,,,
2569,UNSAT,,,,,,
256,UNSAT,,,,,,
2570,UNSAT,,,,,,
2571,UNSAT,,,,,,
2572,UNSAT,,,,,,
2573,UNSAT,,,,,,
2574,UNSAT,,,,,,
2575,UNSAT,,,,,,
2576,UNSAT,,,,,,
2577,UNSAT,,,,,,
2578,UNSAT,,,,,,
2579,UNSAT,,,,,,
257,UNSAT,,,,,,
2580,UNSAT,,,,,,
2581,UNSAT,,,,,,
2582,UNSAT,,,,,,
2583,UNSAT,,,,,,
2584,UNSAT,,,,,,
2585,UNSAT,,,,,,
2586,UNSAT,,,,,,
2587,UNSAT,,,,,,
2588,UNSAT,,,,,,
2589,UNSAT,,,,,,
258,UNSAT,,,,,,
2590,UNSAT,,,,,,
2591,UNSAT,,,,,,
2592,UNSAT,,,,,,
2593,UNSAT,,,,,,
2594,UNSAT,,,,,,
2595,UNSAT,,,,,,
2596,UNSAT,,,,,,
2597,UNSAT,,,,,,
2598,TIMEOUT,,,,,,
2599,UNSAT,,,,,,
259,UNSAT,,,,,,
25,UNSAT,,,,,,
2600,UNSAT,,,,,,
2601,UNSAT,,,,,,
2602,UNSAT,,,,,,
2603,UNSAT,,,,,,
2604,TIMEOUT,,,,,,
2605,TIMEOUT,,,,,,
2606,UNSAT,,,,,,
2607,UNSAT,,,,,,
2608,UNSAT,,,,,,
2609,UNSAT,,,,,,
260,UNSAT,,,,,,
2610,UNSAT,,,,,,
2611,TIMEOUT,,,,,,
2612,UNSAT,,,,,,
2613,UNSAT,,,,,,
2614,UNSAT,,,,,,
2615,UNSAT,,,,,,
2616,UNSAT,,,,,,
2617,UNSAT,,,,,,
2618,UNSAT,,,,,,
2619,UNSAT,,,,,,
261,UNSAT,,,,,,
2620,UNSAT,,,,,,
2621,UNSAT,,,,,,
2622,UNSAT,,,,,,
2623,UNSAT,,,,,,
2624,UNSAT,,,,,,
2625,UNSAT,,,,,,
2626,UNSAT,,,,,,
2627,UNSAT,,,,,,
2628,UNSAT,,,,,,
2629,UNSAT,,,,,,
262,UNSAT,,,,,,
2630,UNSAT,,,,,,
2631,UNSAT,,,,,,
2632,UNSAT,,,,,,
2633,UNSAT,,,,,,
2634,UNSAT,,,,,,
2635,UNSAT,,,,,,
2636,UNSAT,,,,,,
2637,UNSAT,,,,,,
2638,UNSAT,,,,,,
2639,UNSAT,,,,,,
263,UNSAT,,,,,,
2640,UNSAT,,,,,,
2641,UNSAT,,,,,,
2642,UNSAT,,,,,,
2643,UNSAT,,,,,,
2644,UNSAT,,,,,,
2645,UNSAT,,,,,,
2646,UNSAT,,,,,,
2647,UNSAT,,,,,,
2648,UNSAT,,,,,,
2649,UNSAT,,,,,,
264,UNSAT,,,,,,
2650,UNSAT,,,,,,
2651,UNSAT,,,,,,
2652,UNSAT,,,,,,
2653,UNSAT,,,,,,
2654,UNSAT,,,,,,
2655,UNSAT,,,,,,
2656,UNSAT,,,,,,
2657,UNSAT,,,,,,
2658,UNSAT,,,,,,
2659,UNSAT,,,,,,
265,UNSAT,,,,,,
2660,UNSAT,,,,,,
2661,UNSAT,,,,,,
2662,UNSAT,,,,,,
2663,UNSAT,,,,,,
2664,UNSAT,,,,,,
2665,UNSAT,,,,,,
2666,UNSAT,,,,,,
2667,UNSAT,,,,,,
2668,UNSAT,,,,,,
2669,UNSAT,,,,,,
266,UNSAT,,,,,,
2670,UNSAT,,,,,,
2671,UNSAT,,,,,,
2672,UNSAT,,,,,,
2673,UNSAT,,,,,,
2674,UNSAT,,,,,,
2675,UNSAT,,,,,,
2676,UNSAT,,,,,,
2677,UNSAT,,,,,,
2678,UNSAT,,,,,,
2679,UNSAT,,,,,,
267,UNSAT,,,,,,
2680,UNSAT,,,,,,
2681,UNSAT,,,,,,
2682,UNSAT,,,,,,
2683,UNSAT,,,,,,
2684,UNSAT,,,,,,
2685,UNSAT,,,,,,
2686,UNSAT,,,,,,
2687,UNSAT,,,,,,
2688,UNSAT,,,,,,
2689,UNSAT,,,,,,
268,UNSAT,,,,,,
2690,UNSAT,,,,,,
2691,UNSAT,,,,,,
2692,UNSAT,,,,,,
2693,UNSAT,,,,,,
2694,UNSAT,,,,,,
2695,UNSAT,,,,,,
2696,UNSAT,,,,,,
2697,UNSAT,,,,,,
2698,UNSAT,,,,,,
2699,UNSAT,,,,,,
269,UNSAT,,,,,,
26,UNSAT,,,,,,
2700,UNSAT,,,,,,
2701,UNSAT,,,,,,
2702,UNSAT,,,,,,
2703,UNSAT,,,,,,
2704,UNSAT,,,,,,
2705,UNSAT,,,,,,
2706,UNSAT,,,,,,
2707,UNSAT,,,,,,
2708,UNSAT,,,,,,
2709,UNSAT,,,,,,
270,UNSAT,,,,,,
2710,UNSAT,,,,,,
2711,UNSAT,,,,,,
2712,UNSAT,,,,,,
2713,UNSAT,,,,,,
2714,UNSAT,,,,,,
2715,UNSAT,,,,,,
2716,UNSAT,,,,,,
2717,UNSAT,,,,,,
2718,UNSAT,,,,,,
2719,UNSAT,,,,,,
271,UNSAT,,,,,,
2720,UNSAT,,,,,,
2721,UNSAT,,,,,,
2722,UNSAT,,,,,,
2723,UNSAT,,,,,,
2724,UNSAT,,,,,,
2725,UNSAT,,,,,,
2726,UNSAT,,,,,,
2727,UNSAT,,,,,,
2728,UNSAT,,,,,,
2729,UNSAT,,,,,,
272,UNSAT,,,,,,
2730,UNSAT,,,,,,
2731,UNSAT,,,,,,
2732,UNSAT,,,,,,
2733,UNSAT,,,,,,
2734,UNSAT,,,,,,
2735,UNSAT,,,,,,
2736,UNSAT,,,,,,
2737,UNSAT,,,,,,
2738,UNSAT,,,,,,
2739,UNSAT,,,,,,
273,UNSAT,,,,,,
2740,UNSAT,,,,,,
2741,UNSAT,,,,,,
2742,UNSAT,,,,,,
2743,UNSAT,,,,,,
2744,UNSAT,,,,,,
2745,UNSAT,,,,,,
2746,UNSAT,,,,,,
2747,UNSAT,,,,,,
2748,UNSAT,,,,,,
2749,UNSAT,,,,,,
274,UNSAT,,,,,,
2750,UNSAT,,,,,,
2751,UNSAT,,,,,,
2752,UNSAT,,,,,,
2753,UNSAT,,,,,,
2754,UNSAT,,,,,,
2755,UNSAT,,,,,,
2756,UNSAT,,,,,,
2757,UNSAT,,,,,,
2758,UNSAT,,,,,,
2759,UNSAT,,,,,,
275,UNSAT,,,,,,
2760,UNSAT,,,,,,
2761,UNSAT,,,,,,
2762,UNSAT,,,,,,
2763,UNSAT,,,,,,
2764,UNSAT,,,,,,
2765,UNSAT,,,,,,
2766,UNSAT,,,,,,
2767,UNSAT,,,,,,
2768,UNSAT,,,,,,
2769,UNSAT,,,,,,
276,UNSAT,,,,,,
2770,UNSAT,,,,,,
2771,UNSAT,,,,,,
2772,UNSAT,,,,,,
2773,UNSAT,,,,,,
2774,UNSAT,,,,,,
2775,UNSAT,,,,,,
2776,UNSAT,,,,,,
2777,UNSAT,,,,,,
2778,UNSAT,,,,,,
2779,UNSAT,,,,,,
277,UNSAT,,,,,,
2780,UNSAT,,,,,,
2781,UNSAT,,,,,,
2782,UNSAT,,,,,,
2783,UNSAT,,,,,,
2784,UNSAT,,,,,,
2785,UNSAT,,,,,,
2786,UNSAT,,,,,,
2787,UNSAT,,,,,,
2788,UNSAT,,,,,,
2789,UNSAT,,,,,,
278,UNSAT,,,,,,
2790,UNSAT,,,,,,
2791,UNSAT,,,,,,
2792,UNSAT,,,,,,
2793,UNSAT,,,,,,
2794,UNSAT,,,,,,
2795,UNSAT,,,,,,
2796,UNSAT,,,,,,
2797,UNSAT,,,,,,
2798,UNSAT,,,,,,
2799,UNSAT,,,,,,
279,UNSAT,,,,,,
27,UNSAT,,,,,,
2800,UNSAT,,,,,,
2801,UNSAT,,,,,,
2802,UNSAT,,,,,,
2803,UNSAT,,,,,,
2804,UNSAT,,,,,,
2805,UNSAT,,,,,,
2806,UNSAT,,,,,,
2807,UNSAT,,,,,,
2808,UNSAT,,,,,,
2809,UNSAT,,,,,,
280,UNSAT,,,,,,
2810,UNSAT,,,,,,
2811,UNSAT,,,,,,
2812,UNSAT,,,,,,
2813,UNSAT,,,,,,
2814,UNSAT,,,,,,
2815,UNSAT,,,,,,
2816,UNSAT,,,,,,
2817,UNSAT,,,,,,
2818,UNSAT,,,,,,
2819,UNSAT,,,,,,
281,UNSAT,,,,,,
2820,UNSAT,,,,,,
2821,UNSAT,,,,,,
2822,UNSAT,,,,,,
2823,UNSAT,,,,,,
2824,UNSAT,,,,,,
2825,UNSAT,,,,,,
2826,UNSAT,,,,,,
2827,UNSAT,,,,,,
2828,UNSAT,,,,,,
2829,UNSAT,,,,,,
282,UNSAT,,,,,,
2830,UNSAT,,,,,,
2831,UNSAT,,,,,,
2832,UNSAT,,,,,,
2833,UNSAT,,,,,,
2834,UNSAT,,,,,,
2835,UNSAT,,,,,,
2836,UNSAT,,,,,,
2837,UNSAT,,,,,,
2838,UNSAT,,,,,,
2839,UNSAT,,,,,,
283,UNSAT,,,,,,
2840,UNSAT,,,,,,
2841,UNSAT,,,,,,
2842,UNSAT,,,,,,
2843,UNSAT,,,,,,
2844,UNSAT,,,,,,
2845,UNSAT,,,,,,
2846,UNSAT,,,,,,
2847,UNSAT,,,,,,
2848,UNSAT,,,,,,
2849,UNSAT,,,,,,
284,UNSAT,,,,,,
2850,UNSAT,,,,,,
2851,UNSAT,,,,,,
2852,UNSAT,,,,,,
2853,UNSAT,,,,,,
2854,UNSAT,,,,,,
2855,UNSAT,,,,,,
2856,UNSAT,,,,,,
2857,UNSAT,,,,,,
2858,UNSAT,,,,,,
2859,UNSAT,,,,,,
285,UNSAT,,,,,,
2860,UNSAT,,,,,,
2861,UNSAT,,,,,,
2862,UNSAT,,,,,,
2863,UNSAT,,,,,,
2864,UNSAT,,,,,,
2865,UNSAT,,,,,,
2866,UNSAT,,,,,,
2867,UNSAT,,,,,,
2868,UNSAT,,,,,,
2869,UNSAT,,,,,,
286,UNSAT,,,,,,
2870,UNSAT,,,,,,
2871,UNSAT,,,,,,
2872,UNSAT,,,,,,
2873,UNSAT,,,,,,
2874,UNSAT,,,,,,
2875,UNSAT,,,,,,
2876,UNSAT,,,,,,
2877,UNSAT,,,,,,
2878,UNSAT,,,,,,
2879,UNSAT,,,,,,
287,UNSAT,,,,,,
2880,UNSAT,,,,,,
2881,UNSAT,,,,,,
2882,UNSAT,,,,,,
2883,UNSAT,,,,,,
2884,UNSAT,,,,,,
2885,UNSAT,,,,,,
2886,UNSAT,,,,,,
2887,UNSAT,,,,,,
2888,UNSAT,,,,,,
2889,UNSAT,,,,,,
288,UNSAT,,,,,,
2890,UNSAT,,,,,,
2891,UNSAT,,,,,,
2892,UNSAT,,,,,,
2893,UNSAT,,,,,,
2894,UNSAT,,,,,,
2895,UNSAT,,,,,,
2896,UNSAT,,,,,,
2897,UNSAT,,,,,,
2898,UNSAT,,,,,,
2899,UNSAT,,,,,,
289,UNSAT,,,,,,
28,UNSAT,,,,,,
2900,UNSAT,,,,,,
2901,UNSAT,,,,,,
2902,UNSAT,,,,,,
2903,UNSAT,,,,,,
2904,UNSAT,,,,,,
2905,UNSAT,,,,,,
2906,UNSAT,,,,,,
2907,UNSAT,,,,,,
2908,UNSAT,,,,,,
2909,UNSAT,,,,,,
290,UNSAT,,,,,,
2910,UNSAT,,,,,,
2911,UNSAT,,,,,,
2912,UNSAT,,,,,,
2913,UNSAT,,,,,,
2914,UNSAT,,,,,,
2915,UNSAT,,,,,,
2916,UNSAT,,,,,,
2917,UNSAT,,,,,,
2918,UNSAT,,,,,,
2919,UNSAT,,,,,,
291,UNSAT,,,,,,
2920,UNSAT,,,,,,
2921,UNSAT,,,,,,
2922,UNSAT,,,,,,
2923,UNSAT,,,,,,
2924,UNSAT,,,,,,
2925,UNSAT,,,,,,
2926,UNSAT,,,,,,
2927,UNSAT,,,,,,
2928,UNSAT,,,,,,
2929,UNSAT,,,,,,
292,UNSAT,,,,,,
2930,UNSAT,,,,,,
2931,UNSAT,,,,,,
2932,UNSAT,,,,,,
2933,UNSAT,,,,,,
2934,UNSAT,,,,,,
2935,UNSAT,,,,,,
2936,UNSAT,,,,,,
2937,UNSAT,,,,,,
2938,UNSAT,,,,,,
2939,UNSAT,,,,,,
293,UNSAT,,,,,,
2940,UNSAT,,,,,,
2941,UNSAT,,,,,,
2942,UNSAT,,,,,,
2943,UNSAT,,,,,,
2944,UNSAT,,,,,,
2945,UNSAT,,,,,,
2946,UNSAT,,,,,,
2947,UNSAT,,,,,,
2948,UNSAT,,,,,,
2949,UNSAT,,,,,,
294,UNSAT,,,,,,
2950,UNSAT,,,,,,
2951,UNSAT,,,,,,
2952,UNSAT,,,,,,
2953,UNSAT,,,,,,
2954,UNSAT,,,,,,
2955,UNSAT,,,,,,
2956,UNSAT,,,,,,
2957,UNSAT,,,,,,
2958,UNSAT,,,,,,
2959,UNSAT,,,,,,
295,UNSAT,,,,,,
2960,UNSAT,,,,,,
2961,UNSAT,,,,,,
2962,UNSAT,,,,,,
2963,UNSAT,,,,,,
2964,UNSAT,,,,,,
2965,UNSAT,,,,,,
2966,UNSAT,,,,,,
2967,UNSAT,,,,,,
2968,UNSAT,,,,,,
2969,UNSAT,,,,,,
296,UNSAT,,,,,,
2970,UNSAT,,,,,,
2971,UNSAT,,,,,,
2972,UNSAT,,,,,,
2973,UNSAT,,,,,,
2974,UNSAT,,,,,,
2975,UNSAT,,,,,,
2976,UNSAT,,,,,,
2977,UNSAT,,,,,,
2978,UNSAT,,,,,,
2979,UNSAT,,,,,,
297,UNSAT,,,,,,
2980,UNSAT,,,,,,
2981,UNSAT,,,,,,
2982,UNSAT,,,,,,
2983,UNSAT,,,,,,
2984,UNSAT,,,,,,
2985,UNSAT,,,,,,
2986,UNSAT,,,,,,
2987,UNSAT,,,,,,
2988,UNSAT,,,,,,
2989,UNSAT,,,,,,
298,UNSAT,,,,,,
2990,UNSAT,,,,,,
2991,UNSAT,,,,,,
2992,UNSAT,,,,,,
2993,UNSAT,,,,,,
2994,UNSAT,,,,,,
2995,UNSAT,,,,,,
2996,UNSAT,,,,,,
2997,UNSAT,,,,,,
2998,UNSAT,,,,,,
2999,UNSAT,,,,,,
299,UNSAT,,,,,,
29,UNSAT,,,,,,
2,UNSAT,,,,,,
3000,UNSAT,,,,,,
3001,UNSAT,,,,,,
3002,UNSAT,,,,,,
3003,UNSAT,,,,,,
3004,UNSAT,,,,,,
3005,UNSAT,,,,,,
3006,UNSAT,,,,,,
3007,UNSAT,,,,,,
3008,UNSAT,,,,,,
3009,UNSAT,,,,,,
300,UNSAT,,,,,,
3010,UNSAT,,,,,,
3011,UNSAT,,,,,,
3012,UNSAT,,,,,,
3013,UNSAT,,,,,,
3014,UNSAT,,,,,,
3015,UNSAT,,,,,,
3016,UNSAT,,,,,,
3017,UNSAT,,,,,,
3018,UNSAT,,,,,,
3019,UNSAT,,,,,,
301,UNSAT,,,,,,
3020,UNSAT,,,,,,
3021,UNSAT,,,,,,
3022,UNSAT,,,,,,
3023,UNSAT,,,,,,
3024,UNSAT,,,,,,
3025,UNSAT,,,,,,
3026,UNSAT,,,,,,
3027,UNSAT,,,,,,
3028,UNSAT,,,,,,
3029,UNSAT,,,,,,
302,UNSAT,,,,,,
3030,UNSAT,,,,,,
3031,UNSAT,,,,,,
3032,UNSAT,,,,,,
3033,UNSAT,,,,,,
3034,UNSAT,,,,,,
3035,UNSAT,,,,,,
3036,UNSAT,,,,,,
3037,UNSAT,,,,,,
3038,UNSAT,,,,,,
3039,UNSAT,,,,,,
303,UNSAT,,,,,,
3040,UNSAT,,,,,,
3041,UNSAT,,,,,,
3042,UNSAT,,,,,,
3043,UNSAT,,,,,,
3044,UNSAT,,,,,,
3045,UNSAT,,,,,,
3046,UNSAT,,,,,,
3047,UNSAT,,,,,,
3048,UNSAT,,,,,,
3049,UNSAT,,,,,,
304,UNSAT,,,,,,
3050,UNSAT,,,,,,
3051,UNSAT,,,,,,
3052,UNSAT,,,,,,
3053,UNSAT,,,,,,
3054,UNSAT,,,,,,
3055,UNSAT,,,,,,
3056,UNSAT,,,,,,
3057,UNSAT,,,,,,
3058,UNSAT,,,,,,
3059,UNSAT,,,,,,
305,UNSAT,,,,,,
3060,UNSAT,,,,,,
3061,UNSAT,,,,,,
3062,UNSAT,,,,,,
3063,UNSAT,,,,,,
3064,UNSAT,,,,,,
3065,UNSAT,,,,,,
3066,UNSAT,,,,,,
3067,UNSAT,,,,,,
3068,UNSAT,,,,,,
3069,UNSAT,,,,,,
306,UNSAT,,,,,,
3070,UNSAT,,,,,,
3071,UNSAT,,,,,,
3072,UNSAT,,,,,,
3073,UNSAT,,,,,,
3074,UNSAT,,,,,,
3075,UNSAT,,,,,,
3076,UNSAT,,,,,,
3077,UNSAT,,,,,,
3078,UNSAT,,,,,,
3079,UNSAT,,,,,,
307,UNSAT,,,,,,
3080,UNSAT,,,,,,
3081,UNSAT,,,,,,
3082,UNSAT,,,,,,
3083,UNSAT,,,,,,
3084,UNSAT,,,,,,
3085,UNSAT,,,,,,
3086,UNSAT,,,,,,
3087,UNSAT,,,,,,
3088,UNSAT,,,,,,
3089,UNSAT,,,,,,
308,UNSAT,,,,,,
3090,UNSAT,,,,,,
3091,UNSAT,,,,,,
3092,UNSAT,,,,,,
3093,UNSAT,,,,,,
3094,UNSAT,,,,,,
3095,UNSAT,,,,,,
3096,UNSAT,,,,,,
3097,UNSAT,,,,,,
3098,UNSAT,,,,,,
3099,UNSAT,,,,,,
309,UNSAT,,,,,,
30,UNSAT,,,,,,
3100,UNSAT,,,,,,
3101,UNSAT,,,,,,
3102,UNSAT,,,,,,
3103,UNSAT,,,,,,
3104,UNSAT,,,,,,
3105,UNSAT,,,,,,
3106,UNSAT,,,,,,
3107,UNSAT,,,,,,
3108,UNSAT,,,,,,
3109,UNSAT,,,,,,
310,UNSAT,,,,,,
3110,UNSAT,,,,,,
3111,UNSAT,,,,,,
3112,UNSAT,,,,,,
3113,UNSAT,,,,,,
3114,UNSAT,,,,,,
3115,UNSAT,,,,,,
3116,UNSAT,,,,,,
3117,UNSAT,,,,,,
3118,UNSAT,,,,,,
3119,UNSAT,,,,,,
311,UNSAT,,,,,,
3120,UNSAT,,,,,,
3121,UNSAT,,,,,,
3122,UNSAT,,,,,,
3123,UNSAT,,,,,,
3124,UNSAT,,,,,,
3125,UNSAT,,,,,,
3126,UNSAT,,,,,,
3127,UNSAT,,,,,,
3128,UNSAT,,,,,,
3129,UNSAT,,,,,,
312,UNSAT,,,,,,
3130,UNSAT,,,,,,
3131,UNSAT,,,,,,
3132,UNSAT,,,,,,
3133,UNSAT,,,,,,
3134,UNSAT,,,,,,
3135,UNSAT,,,,,,
3136,UNSAT,,,,,,
3137,UNSAT,,,,,,
3138,UNSAT,,,,,,
3139,UNSAT,,,,,,
313,UNSAT,,,,,,
3140,UNSAT,,,,,,
3141,UNSAT,,,,,,
3142,UNSAT,,,,,,
3143,UNSAT,,,,,,
3144,UNSAT,,,,,,
3145,UNSAT,,,,,,
3146,UNSAT,,,,,,
3147,UNSAT,,,,,,
3148,UNSAT,,,,,,
3149,TIMEOUT,,,,,,
314,UNSAT,,,,,,
3150,TIMEOUT,,,,,,
3151,TIMEOUT,,,,,,
3152,TIMEOUT,,,,,,
3153,TIMEOUT,,,,,,
3154,TIMEOUT,,,,,,
3155,TIMEOUT,,,,,,
3156,TIMEOUT,,,,,,
3157,TIMEOUT,,,,,,
3158,TIMEOUT,,,,,,
3159,UNSAT,,,,,,
315,UNSAT,,,,,,
3160,TIMEOUT,,,,,,
3161,TIMEOUT,,,,,,
3162,TIMEOUT,,,,,,
3163,TIMEOUT,,,,,,
3164,TIMEOUT,,,,,,
3165,TIMEOUT,,,,,,
3166,TIMEOUT,,,,,,
3167,TIMEOUT,,,,,,
3168,TIMEOUT,,,,,,
3169,TIMEOUT,,,,,,
316,UNSAT,,,,,,
3170,TIMEOUT,,,,,,
3171,TIMEOUT,,,,,,
3172,TIMEOUT,,,,,,
3173,TIMEOUT,,,,,,
3174,TIMEOUT,,,,,,
3175,TIMEOUT,,,,,,
3176,TIMEOUT,,,,,,
3177,TIMEOUT,,,,,,
3178,TIMEOUT,,,,,,
3179,TIMEOUT,,,,,,
317,UNSAT,,,,,,
3180,UNSAT,,,,,,
3181,TIMEOUT,,,,,,
3182,TIMEOUT,,,,,,
3183,TIMEOUT,,,,,,
3184,TIMEOUT,,,,,,
3185,TIMEOUT,,,,,,
3188,UNSAT,,,,,,
318,UNSAT,,,,,,
319,UNSAT,,,,,,
31,UNSAT,,,,,,
320,UNSAT,,,,,,
321,UNSAT,,,,,,
322,UNSAT,,,,,,
323,UNSAT,,,,,,
324,UNSAT,,,,,,
325,UNSAT,,,,,,
326,UNSAT,,,,,,
327,UNSAT,,,,,,
328,UNSAT,,,,,,
329,UNSAT,,,,,,
32,UNSAT,,,,,,
330,UNSAT,,,,,,
331,UNSAT,,,,,,
332,UNSAT,,,,,,
333,UNSAT,,,,,,
334,UNSAT,,,,,,
335,UNSAT,,,,,,
336,UNSAT,,,,,,
337,UNSAT,,,,,,
338,UNSAT,,,,,,
339,UNSAT,,,,,,
33,UNSAT,,,,,,
340,UNSAT,,,,,,
341,UNSAT,,,,,,
342,UNSAT,,,,,,
343,UNSAT,,,,,,
344,UNSAT,,,,,,
345,UNSAT,,,,,,
346,UNSAT,,,,,,
347,UNSAT,,,,,,
348,UNSAT,,,,,,
349,UNSAT,,,,,,
34,UNSAT,,,,,,
3500,UNSAT,,,,,,
3501,UNSAT,,,,,,
3502,UNSAT,,,,,,
3503,UNSAT,,,,,,
3504,UNSAT,,,,,,
3505,UNSAT,,,,,,
3506,UNSAT,,,,,,
3507,UNSAT,,,,,,
3508,UNSAT,,,,,,
3509,UNSAT,,,,,,
350,UNSAT,,,,,,
3510,UNSAT,,,,,,
3511,UNSAT,,,,,,
3512,UNSAT,,,,,,
3513,UNSAT,,,,,,
3514,UNSAT,,,,,,
3515,UNSAT,,,,,,
3516,UNSAT,,,,,,
3517,UNSAT,,,,,,
3518,UNSAT,,,,,,
3519,UNSAT,,,,,,
351,UNSAT,,,,,,
3520,UNSAT,,,,,,
3521,UNSAT,,,,,,
3522,UNSAT,,,,,,
3523,UNSAT,,,,,,
3524,UNSAT,,,,,,
3525,UNSAT,,,,,,
3526,TIMEOUT,,,,,,
3527,UNSAT,,,,,,
3528,UNSAT,,,,,,
3529,UNSAT,,,,,,
352,UNSAT,,,,,,
3530,TIMEOUT,,,,,,
3531,UNSAT,,,,,,
3532,TIMEOUT,,,,,,
3533,UNSAT,,,,,,
3534,UNSAT,,,,,,
3535,UNSAT,,,,,,
3536,UNSAT,,,,,,
3537,UNSAT,,,,,,
3538,UNSAT,,,,,,
3539,UNSAT,,,,,,
353,UNSAT,,,,,,
3540,UNSAT,,,,,,
3541,UNSAT,,,,,,
3542,UNSAT,,,,,,
3543,UNSAT,,,,,,
3544,UNSAT,,,,,,
3545,UNSAT,,,,,,
3546,UNSAT,,,,,,
3547,UNSAT,,,,,,
3548,UNSAT,,,,,,
3549,UNSAT,,,,,,
354,UNSAT,,,,,,
3550,UNSAT,,,,,,
3551,UNSAT,,,,,,
3552,TIMEOUT,,,,,,
3553,UNSAT,,,,,,
3554,UNSAT,,,,,,
3555,UNSAT,,,,,,
3556,UNSAT,,,,,,
3557,TIMEOUT,,,,,,
3558,UNSAT,,,,,,
3559,TIMEOUT,,,,,,
355,UNSAT,,,,,,
3560,UNSAT,,,,,,
3561,UNSAT,,,,,,
3562,UNSAT,,,,,,
3563,UNSAT,,,,,,
3564,UNSAT,,,,,,
3565,UNSAT,,,,,,
3566,UNSAT,,,,,,
3567,UNSAT,,,,,,
3568,UNSAT,,,,,,
3569,TIMEOUT,,,,,,
356,UNSAT,,,,,,
3570,TIMEOUT,,,,,,
3571,TIMEOUT,,,,,,
3572,UNSAT,,,,,,
3573,UNSAT,,,,,,
3574,UNSAT,,,,,,
3575,UNSAT,,,,,,
3576,UNSAT,,,,,,
3577,UNSAT,,,,,,
3578,TIMEOUT,,,,,,
3579,TIMEOUT,,,,,,
357,UNSAT,,,,,,
3580,TIMEOUT,,,,,,
3581,UNSAT,,,,,,
3582,UNSAT,,,,,,
3583,UNSAT,,,,,,
3584,TIMEOUT,,,,,,
3585,TIMEOUT,,,,,,
3586,UNSAT,,,,,,
3587,UNSAT,,,,,,
3588,UNSAT,,,,,,
3589,UNSAT,,,,,,
358,UNSAT,,,,,,
3590,UNSAT,,,,,,
3591,UNSAT,,,,,,
3592,UNSAT,,,,,,
3593,UNSAT,,,,,,
3594,UNSAT,,,,,,
3595,UNSAT,,,,,,
3596,UNSAT,,,,,,
3597,UNSAT,,,,,,
3598,UNSAT,,,,,,
3599,UNSAT,,,,,,
359,UNSAT,,,,,,
35,UNSAT,,,,,,
3600,UNSAT,,,,,,
3601,UNSAT,,,,,,
3602,UNSAT,,,,,,
3603,UNSAT,,,,,,
3604,UNSAT,,,,,,
3605,UNSAT,,,,,,
3606,UNSAT,,,,,,
3607,UNSAT,,,,,,
3608,UNSAT,,,,,,
3609,UNSAT,,,,,,
360,UNSAT,,,,,,
3610,UNSAT,,,,,,
3611,UNSAT,,,,,,
3612,UNSAT,,,,,,
3613,UNSAT,,,,,,
3614,UNSAT,,,,,,
3615,UNSAT,,,,,,
3616,UNSAT,,,,,,
3617,UNSAT,,,,,,
3618,UNSAT,,,,,,
3619,UNSAT,,,,,,
361,UNSAT,,,,,,
3620,UNSAT,,,,,,
3621,UNSAT,,,,,,
3622,UNSAT,,,,,,
3623,UNSAT,,,,,,
3624,TIMEOUT,,,,,,
3625,TIMEOUT,,,,,,
3626,TIMEOUT,,,,,,
3627,UNSAT,,,,,,
3628,TIMEOUT,,,,,,
3629,TIMEOUT,,,,,,
362,UNSAT,,,,,,
3630,UNSAT,,,,,,
3631,TIMEOUT,,,,,,
3632,TIMEOUT,,,,,,
3633,TIMEOUT,,,,,,
3634,TIMEOUT,,,,,,
3635,TIMEOUT,,,,,,
3636,UNSAT,,,,,,
3637,TIMEOUT,,,,,,
3638,TIMEOUT,,,,,,
3639,TIMEOUT,,,,,,
363,UNSAT,,,,,,
3640,TIMEOUT,,,,,,
3641,TIMEOUT,,,,,,
3642,UNSAT,,,,,,
3645,UNSAT,,,,,,
364,UNSAT,,,,,,
365,UNSAT,,,,,,
366,UNSAT,,,,,,
367,UNSAT,,,,,,
368,UNSAT,,,,,,
369,UNSAT,,,,,,
36,UNSAT,,,,,,
370,UNSAT,,,,,,
371,UNSAT,,,,,,
372,UNSAT,,,,,,
373,UNSAT,,,,,,
374,UNSAT,,,,,,
375,UNSAT,,,,,,
376,UNSAT,,,,,,
377,UNSAT,,,,,,
378,UNSAT,,,,,,
379,UNSAT,,,,,,
37,UNSAT,,,,,,
380,UNSAT,,,,,,
381,UNSAT,,,,,,
382,UNSAT,,,,,,
383,UNSAT,,,,,,
384,UNSAT,,,,,,
385,UNSAT,,,,,,
386,UNSAT,,,,,,
387,UNSAT,,,,,,
388,UNSAT,,,,,,
389,UNSAT,,,,,,
38,UNSAT,,,,,,
390,UNSAT,,,,,,
391,UNSAT,,,,,,
392,UNSAT,,,,,,
393,UNSAT,,,,,,
394,UNSAT,,,,,,
395,UNSAT,,,,,,
396,UNSAT,,,,,,
397,UNSAT,,,,,,
398,UNSAT,,,,,,
399,UNSAT,,,,,,
39,UNSAT,,,,,,
3,UNSAT,,,,,,
400,UNSAT,,,,,,
401,UNSAT,,,,,,
402,UNSAT,,,,,,
403,UNSAT,,,,,,
404,UNSAT,,,,,,
405,UNSAT,,,,,,
406,UNSAT,,,,,,
407,UNSAT,,,,,,
408,UNSAT,,,,,,
409,UNSAT,,,,,,
40,UNSAT,,,,,,
410,UNSAT,,,,,,
411,UNSAT,,,,,,
412,UNSAT,,,,,,
413,UNSAT,,,,,,
414,UNSAT,,,,,,
415,UNSAT,,,,,,
416,UNSAT,,,,,,
417,UNSAT,,,,,,
418,UNSAT,,,,,,
419,UNSAT,,,,,,
41,UNSAT,,,,,,
420,UNSAT,,,,,,
421,UNSAT,,,,,,
422,UNSAT,,,,,,
423,UNSAT,,,,,,
424,UNSAT,,,,,,
425,UNSAT,,,,,,
426,UNSAT,,,,,,
427,UNSAT,,,,,,
428,UNSAT,,,,,,
429,UNSAT,,,,,,
42,UNSAT,,,,,,
430,UNSAT,,,,,,
431,UNSAT,,,,,,
432,UNSAT,,,,,,
433,UNSAT,,,,,,
434,UNSAT,,,,,,
435,UNSAT,,,,,,
436,UNSAT,,,,,,
437,UNSAT,,,,,,
438,UNSAT,,,,,,
439,UNSAT,,,,,,
43,UNSAT,,,,,,
440,UNSAT,,,,,,
441,UNSAT,,,,,,
442,UNSAT,,,,,,
443,UNSAT,,,,,,
444,UNSAT,,,,,,
445,UNSAT,,,,,,
446,UNSAT,,,,,,
447,UNSAT,,,,,,
448,UNSAT,,,,,,
449,UNSAT,,,,,,
44,UNSAT,,,,,,
450,UNSAT,,,,,,
451,UNSAT,,,,,,
452,UNSAT,,,,,,
453,UNSAT,,,,,,
454,UNSAT,,,,,,
455,UNSAT,,,,,,
456,UNSAT,,,,,,
457,UNSAT,,,,,,
458,UNSAT,,,,,,
459,UNSAT,,,,,,
45,UNSAT,,,,,,
460,UNSAT,,,,,,
461,UNSAT,,,,,,
462,UNSAT,,,,,,
463,UNSAT,,,,,,
464,UNSAT,,,,,,
465,UNSAT,,,,,,
466,UNSAT,,,,,,
467,UNSAT,,,,,,
468,UNSAT,,,,,,
469,UNSAT,,,,,,
46,UNSAT,,,,,,
470,UNSAT,,,,,,
471,UNSAT,,,,,,
472,UNSAT,,,,,,
473,UNSAT,,,,,,
474,UNSAT,,,,,,
475,UNSAT,,,,,,
476,UNSAT,,,,,,
477,UNSAT,,,,,,
478,UNSAT,,,,,,
479,UNSAT,,,,,,
47,UNSAT,,,,,,
480,UNSAT,,,,,,
481,UNSAT,,,,,,
482,UNSAT,,,,,,
483,UNSAT,,,,,,
484,UNSAT,,,,,,
485,UNSAT,,,,,,
486,UNSAT,,,,,,
487,UNSAT,,,,,,
488,UNSAT,,,,,,
489,UNSAT,,,,,,
48,UNSAT,,,,,,
490,UNSAT,,,,,,
491,UNSAT,,,,,,
492,UNSAT,,,,,,
493,UNSAT,,,,,,
494,UNSAT,,,,,,
495,UNSAT,,,,,,
496,UNSAT,,,,,,
497,UNSAT,,,,,,
498,UNSAT,,,,,,
499,UNSAT,,,,,,
49,UNSAT,,,,,,
4,UNSAT,,,,,,
500,UNSAT,,,,,,
501,UNSAT,,,,,,
502,UNSAT,,,,,,
503,UNSAT,,,,,,
504,UNSAT,,,,,,
505,UNSAT,,,,,,
506,UNSAT,,,,,,
507,UNSAT,,,,,,
508,UNSAT,,,,,,
509,UNSAT,,,,,,
50,UNSAT,,,,,,
510,UNSAT,,,,,,
511,UNSAT,,,,,,
512,UNSAT,,,,,,
513,UNSAT,,,,,,
514,UNSAT,,,,,,
515,UNSAT,,,,,,
516,UNSAT,,,,,,
517,UNSAT,,,,,,
518,UNSAT,,,,,,
519,UNSAT,,,,,,
51,UNSAT,,,,,,
520,UNSAT,,,,,,
521,UNSAT,,,,,,
522,UNSAT,,,,,,
523,UNSAT,,,,,,
524,UNSAT,,,,,,
525,UNSAT,,,,,,
526,UNSAT,,,,,,
527,UNSAT,,,,,,
528,UNSAT,,,,,,
529,UNSAT,,,,,,
52,UNSAT,,,,,,
530,UNSAT,,,,,,
531,UNSAT,,,,,,
532,UNSAT,,,,,,
533,UNSAT,,,,,,
534,UNSAT,,,,,,
535,UNSAT,,,,,,
536,UNSAT,,,,,,
537,UNSAT,,,,,,
538,UNSAT,,,,,,
539,UNSAT,,,,,,
53,UNSAT,,,,,,
540,UNSAT,,,,,,
541,UNSAT,,,,,,
542,UNSAT,,,,,,
543,UNSAT,,,,,,
544,UNSAT,,,,,,
545,UNSAT,,,,,,
546,UNSAT,,,,,,
547,UNSAT,,,,,,
548,UNSAT,,,,,,
549,UNSAT,,,,,,
54,UNSAT,,,,,,
550,UNSAT,,,,,,
551,UNSAT,,,,,,
552,UNSAT,,,,,,
553,UNSAT,,,,,,
554,UNSAT,,,,,,
555,UNSAT,,,,,,
556,UNSAT,,,,,,
557,UNSAT,,,,,,
558,UNSAT,,,,,,
559,UNSAT,,,,,,
55,UNSAT,,,,,,
560,UNSAT,,,,,,
561,UNSAT,,,,,,
562,UNSAT,,,,,,
563,UNSAT,,,,,,
564,UNSAT,,,,,,
565,UNSAT,,,,,,
566,UNSAT,,,,,,
567,UNSAT,,,,,,
568,UNSAT,,,,,,
569,UNSAT,,,,,,
56,UNSAT,,,,,,
570,UNSAT,,,,,,
571,UNSAT,,,,,,
572,UNSAT,,,,,,
573,UNSAT,,,,,,
574,UNSAT,,,,,,
575,UNSAT,,,,,,
576,UNSAT,,,,,,
577,UNSAT,,,,,,
578,UNSAT,,,,,,
579,UNSAT,,,,,,
57,UNSAT,,,,,,
580,UNSAT,,,,,,
581,UNSAT,,,,,,
582,UNSAT,,,,,,
583,UNSAT,,,,,,
584,UNSAT,,,,,,
585,UNSAT,,,,,,
586,UNSAT,,,,,,
587,UNSAT,,,,,,
588,UNSAT,,,,,,
589,UNSAT,,,,,,
58,UNSAT,,,,,,
590,UNSAT,,,,,,
591,UNSAT,,,,,,
592,UNSAT,,,,,,
593,UNSAT,,,,,,
594,UNSAT,,,,,,
595,UNSAT,,,,,,
596,UNSAT,,,,,,
597,UNSAT,,,,,,
598,UNSAT,,,,,,
599,UNSAT,,,,,,
59,UNSAT,,,,,,
5,UNSAT,,,,,,
600,UNSAT,,,,,,
601,UNSAT,,,,,,
602,UNSAT,,,,,,
603,UNSAT,,,,,,
604,UNSAT,,,,,,
605,UNSAT,,,,,,
606,UNSAT,,,,,,
607,UNSAT,,,,,,
608,UNSAT,,,,,,
609,UNSAT,,,,,,
60,UNSAT,,,,,,
610,UNSAT,,,,,,
611,UNSAT,,,,,,
612,UNSAT,,,,,,
613,UNSAT,,,,,,
614,UNSAT,,,,,,
615,UNSAT,,,,,,
616,UNSAT,,,,,,
617,UNSAT,,,,,,
618,UNSAT,,,,,,
619,UNSAT,,,,,,
61,UNSAT,,,,,,
620,UNSAT,,,,,,
621,UNSAT,,,,,,
622,UNSAT,,,,,,
623,UNSAT,,,,,,
624,UNSAT,,,,,,
625,UNSAT,,,,,,
626,UNSAT,,,,,,
627,UNSAT,,,,,,
628,UNSAT,,,,,,
629,UNSAT,,,,,,
62,UNSAT,,,,,,
630,UNSAT,,,,,,
631,UNSAT,,,,,,
632,UNSAT,,,,,,
633,UNSAT,,,,,,
634,UNSAT,,,,,,
635,UNSAT,,,,,,
636,UNSAT,,,,,,
637,UNSAT,,,,,,
638,UNSAT,,,,,,
639,UNSAT,,,,,,
63,UNSAT,,,,,,
640,UNSAT,,,,,,
641,UNSAT,,,,,,
642,UNSAT,,,,,,
643,UNSAT,,,,,,
644,UNSAT,,,,,,
645,UNSAT,,,,,,
646,UNSAT,,,,,,
647,UNSAT,,,,,,
648,UNSAT,,,,,,
649,UNSAT,,,,,,
64,UNSAT,,,,,,
650,UNSAT,,,,,,
651,UNSAT,,,,,,
652,UNSAT,,,,,,
653,UNSAT,,,,,,
654,UNSAT,,,,,,
655,UNSAT,,,,,,
656,UNSAT,,,,,,
657,UNSAT,,,,,,
658,UNSAT,,,,,,
659,UNSAT,,,,,,
65,UNSAT,,,,,,
660,UNSAT,,,,,,
661,UNSAT,,,,,,
662,UNSAT,,,,,,
663,UNSAT,,,,,,
664,UNSAT,,,,,,
665,UNSAT,,,,,,
666,UNSAT,,,,,,
667,UNSAT,,,,,,
668,UNSAT,,,,,,
669,UNSAT,,,,,,
66,UNSAT,,,,,,
670,UNSAT,,,,,,
671,UNSAT,,,,,,
672,UNSAT,,,,,,
673,UNSAT,,,,,,
674,UNSAT,,,,,,
675,UNSAT,,,,,,
676,UNSAT,,,,,,
677,UNSAT,,,,,,
678,UNSAT,,,,,,
679,UNSAT,,,,,,
67,UNSAT,,,,,,
680,UNSAT,,,,,,
681,UNSAT,,,,,,
682,UNSAT,,,,,,
683,UNSAT,,,,,,
684,UNSAT,,,,,,
685,UNSAT,,,,,,
686,UNSAT,,,,,,
687,UNSAT,,,,,,
688,UNSAT,,,,,,
689,UNSAT,,,,,,
68,UNSAT,,,,,,
690,UNSAT,,,,,,
691,UNSAT,,,,,,
692,UNSAT,,,,,,
693,UNSAT,,,,,,
694,UNSAT,,,,,,
695,UNSAT,,,,,,
696,UNSAT,,,,,,
697,UNSAT,,,,,,
698,UNSAT,,,,,,
699,UNSAT,,,,,,
69,UNSAT,,,,,,
6,UNSAT,,,,,,
700,UNSAT,,,,,,
701,UNSAT,,,,,,
702,UNSAT,,,,,,
703,UNSAT,,,,,,
704,UNSAT,,,,,,
705,UNSAT,,,,,,
706,UNSAT,,,,,,
707,UNSAT,,,,,,
708,UNSAT,,,,,,
709,UNSAT,,,,,,
70,UNSAT,,,,,,
710,UNSAT,,,,,,
711,UNSAT,,,,,,
712,UNSAT,,,,,,
713,UNSAT,,,,,,
714,UNSAT,,,,,,
715,UNSAT,,,,,,
716,UNSAT,,,,,,
717,UNSAT,,,,,,
718,UNSAT,,,,,,
719,UNSAT,,,,,,
71,UNSAT,,,,,,
720,UNSAT,,,,,,
721,UNSAT,,,,,,
722,UNSAT,,,,,,
723,UNSAT,,,,,,
724,UNSAT,,,,,,
725,UNSAT,,,,,,
726,UNSAT,,,,,,
727,UNSAT,,,,,,
728,UNSAT,,,,,,
729,UNSAT,,,,,,
72,UNSAT,,,,,,
730,UNSAT,,,,,,
731,UNSAT,,,,,,
732,UNSAT,,,,,,
733,UNSAT,,,,,,
734,UNSAT,,,,,,
735,UNSAT,,,,,,
736,UNSAT,,,,,,
737,UNSAT,,,,,,
738,UNSAT,,,,,,
739,UNSAT,,,,,,
73,UNSAT,,,,,,
740,UNSAT,,,,,,
741,UNSAT,,,,,,
742,UNSAT,,,,,,
743,UNSAT,,,,,,
744,UNSAT,,,,,,
745,UNSAT,,,,,,
746,UNSAT,,,,,,
747,UNSAT,,,,,,
748,UNSAT,,,,,,
749,UNSAT,,,,,,
74,UNSAT,,,,,,
750,UNSAT,,,,,,
751,UNSAT,,,,,,
752,UNSAT,,,,,,
753,UNSAT,,,,,,
754,UNSAT,,,,,,
755,UNSAT,,,,,,
756,UNSAT,,,,,,
757,UNSAT,,,,,,
758,UNSAT,,,,,,
759,UNSAT,,,,,,
75,UNSAT,,,,,,
760,UNSAT,,,,,,
761,UNSAT,,,,,,
762,UNSAT,,,,,,
763,UNSAT,,,,,,
764,UNSAT,,,,,,
765,UNSAT,,,,,,
766,UNSAT,,,,,,
767,UNSAT,,,,,,
768,UNSAT,,,,,,
769,UNSAT,,,,,,
76,UNSAT,,,,,,
770,UNSAT,,,,,,
771,UNSAT,,,,,,
772,UNSAT,,,,,,
773,UNSAT,,,,,,
774,UNSAT,,,,,,
775,UNSAT,,,,,,
776,UNSAT,,,,,,
777,UNSAT,,,,,,
778,UNSAT,,,,,,
779,UNSAT,,,,,,
77,UNSAT,,,,,,
780,UNSAT,,,,,,
781,UNSAT,,,,,,
782,UNSAT,,,,,,
783,UNSAT,,,,,,
784,UNSAT,,,,,,
785,UNSAT,,,,,,
786,UNSAT,,,,,,
787,UNSAT,,,,,,
788,UNSAT,,,,,,
789,UNSAT,,,,,,
78,UNSAT,,,,,,
790,UNSAT,,,,,,
791,UNSAT,,,,,,
792,UNSAT,,,,,,
793,UNSAT,,,,,,
794,UNSAT,,,,,,
795,UNSAT,,,,,,
796,UNSAT,,,,,,
797,UNSAT,,,,,,
798,UNSAT,,,,,,
799,UNSAT,,,,,,
79,UNSAT,,,,,,
7,UNSAT,,,,,,
800,UNSAT,,,,,,
801,UNSAT,,,,,,
802,UNSAT,,,,,,
803,UNSAT,,,,,,
804,UNSAT,,,,,,
805,UNSAT,,,,,,
806,UNSAT,,,,,,
807,UNSAT,,,,,,
808,UNSAT,,,,,,
809,UNSAT,,,,,,
80,UNSAT,,,,,,
810,UNSAT,,,,,,
811,UNSAT,,,,,,
812,UNSAT,,,,,,
813,UNSAT,,,,,,
814,UNSAT,,,,,,
815,UNSAT,,,,,,
816,UNSAT,,,,,,
817,UNSAT,,,,,,
818,UNSAT,,,,,,
819,UNSAT,,,,,,
81,UNSAT,,,,,,
820,UNSAT,,,,,,
821,UNSAT,,,,,,
822,UNSAT,,,,,,
823,UNSAT,,,,,,
824,UNSAT,,,,,,
825,UNSAT,,,,,,
826,UNSAT,,,,,,
827,UNSAT,,,,,,
828,UNSAT,,,,,,
829,UNSAT,,,,,,
82,UNSAT,,,,,,
830,UNSAT,,,,,,
831,UNSAT,,,,,,
832,UNSAT,,,,,,
833,UNSAT,,,,,,
834,UNSAT,,,,,,
835,UNSAT,,,,,,
836,UNSAT,,,,,,
837,UNSAT,,,,,,
838,UNSAT,,,,,,
839,UNSAT,,,,,,
83,UNSAT,,,,,,
840,UNSAT,,,,,,
841,UNSAT,,,,,,
842,UNSAT,,,,,,
843,UNSAT,,,,,,
844,UNSAT,,,,,,
845,UNSAT,,,,,,
846,UNSAT,,,,,,
847,UNSAT,,,,,,
848,UNSAT,,,,,,
849,UNSAT,,,,,,
84,UNSAT,,,,,,
850,UNSAT,,,,,,
851,UNSAT,,,,,,
852,UNSAT,,,,,,
853,UNSAT,,,,,,
854,UNSAT,,,,,,
855,UNSAT,,,,,,
856,UNSAT,,,,,,
857,UNSAT,,,,,,
858,UNSAT,,,,,,
859,UNSAT,,,,,,
85,UNSAT,,,,,,
860,UNSAT,,,,,,
861,UNSAT,,,,,,
862,UNSAT,,,,,,
863,UNSAT,,,,,,
864,UNSAT,,,,,,
865,UNSAT,,,,,,
866,UNSAT,,,,,,
867,UNSAT,,,,,,
868,UNSAT,,,,,,
869,UNSAT,,,,,,
86,UNSAT,,,,,,
870,UNSAT,,,,,,
871,UNSAT,,,,,,
872,UNSAT,,,,,,
873,UNSAT,,,,,,
874,UNSAT,,,,,,
875,UNSAT,,,,,,
876,UNSAT,,,,,,
877,UNSAT,,,,,,
878,UNSAT,,,,,,
879,UNSAT,,,,,,
87,UNSAT,,,,,,
880,UNSAT,,,,,,
881,UNSAT,,,,,,
882,UNSAT,,,,,,
883,UNSAT,,,,,,
884,UNSAT,,,,,,
885,UNSAT,,,,,,
886,UNSAT,,,,,,
887,UNSAT,,,,,,
888,UNSAT,,,,,,
889,UNSAT,,,,,,
88,UNSAT,,,,,,
890,UNSAT,,,,,,
891,UNSAT,,,,,,
892,UNSAT,,,,,,
893,UNSAT,,,,,,
894,UNSAT,,,,,,
895,UNSAT,,,,,,
896,UNSAT,,,,,,
897,UNSAT,,,,,,
898,UNSAT,,,,,,
899,UNSAT,,,,,,
89,UNSAT,,,,,,
8,UNSAT,,,,,,
900,UNSAT,,,,,,
901,UNSAT,,,,,,
902,UNSAT,,,,,,
903,UNSAT,,,,,,
904,UNSAT,,,,,,
905,UNSAT,,,,,,
906,UNSAT,,,,,,
907,UNSAT,,,,,,
908,UNSAT,,,,,,
909,UNSAT,,,,,,
90,UNSAT,,,,,,
910,UNSAT,,,,,,
911,UNSAT,,,,,,
912,UNSAT,,,,,,
913,UNSAT,,,,,,
914,UNSAT,,,,,,
915,UNSAT,,,,,,
916,UNSAT,,,,,,
917,UNSAT,,,,,,
918,UNSAT,,,,,,
919,UNSAT,,,,,,
91,UNSAT,,,,,,
920,UNSAT,,,,,,
921,UNSAT,,,,,,
922,UNSAT,,,,,,
923,UNSAT,,,,,,
924,UNSAT,,,,,,
925,UNSAT,,,,,,
926,UNSAT,,,,,,
927,UNSAT,,,,,,
928,UNSAT,,,,,,
929,UNSAT,,,,,,
92,UNSAT,,,,,,
930,UNSAT,,,,,,
931,UNSAT,,,,,,
932,UNSAT,,,,,,
933,UNSAT,,,,,,
934,UNSAT,,,,,,
935,UNSAT,,,,,,
936,UNSAT,,,,,,
937,UNSAT,,,,,,
938,UNSAT,,,,,,
939,UNSAT,,,,,,
93,UNSAT,,,,,,
940,UNSAT,,,,,,
941,UNSAT,,,,,,
942,UNSAT,,,,,,
943,UNSAT,,,,,,
944,UNSAT,,,,,,
945,UNSAT,,,,,,
946,UNSAT,,,,,,
947,UNSAT,,,,,,
948,UNSAT,,,,,,
949,UNSAT,,,,,,
94,UNSAT,,,,,,
950,UNSAT,,,,,,
951,UNSAT,,,,,,
952,UNSAT,,,,,,
953,UNSAT,,,,,,
954,UNSAT,,,,,,
955,UNSAT,,,,,,
956,UNSAT,,,,,,
957,UNSAT,,,,,,
958,UNSAT,,,,,,
959,UNSAT,,,,,,
95,UNSAT,,,,,,
960,UNSAT,,,,,,
961,UNSAT,,,,,,
962,UNSAT,,,,,,
963,UNSAT,,,,,,
964,UNSAT,,,,,,
965,UNSAT,,,,,,
966,UNSAT,,,,,,
967,UNSAT,,,,,,
968,UNSAT,,,,,,
969,UNSAT,,,,,,
96,UNSAT,,,,,,
970,UNSAT,,,,,,
971,UNSAT,,,,,,
972,UNSAT,,,,,,
973,UNSAT,,,,,,
974,UNSAT,,,,,,
975,UNSAT,,,,,,
976,UNSAT,,,,,,
977,UNSAT,,,,,,
978,UNSAT,,,,,,
979,UNSAT,,,,,,
97,UNSAT,,,,,,
980,UNSAT,,,,,,
981,UNSAT,,,,,,
982,UNSAT,,,,,,
983,UNSAT,,,,,,
984,UNSAT,,,,,,
985,UNSAT,,,,,,
986,UNSAT,,,,,,
987,UNSAT,,,,,,
988,UNSAT,,,,,,
989,UNSAT,,,,,,
98,UNSAT,,,,,,
990,UNSAT,,,,,,
991,UNSAT,,,,,,
992,UNSAT,,,,,,
993,UNSAT,,,,,,
994,UNSAT,,,,,,
995,UNSAT,,,,,,
996,UNSAT,,,,,,
997,UNSAT,,,,,,
998,UNSAT,,,,,,
999,UNSAT,,,,,,
99,UNSAT,,,,,,
9,UNSAT,,,,,,
