graph_idx,is_complement,base_idx,tau,best_mask_hex,degree_new_vertex,time_s
1,false,1,35,3319b604cf,19,1.5
2,true,1,35,3cce6497730,22,1.5
3,false,2,26,24afa1940f,18,1.6
4,true,2,26,3db505e6bf0,24,1.6
5,false,3,24,957b1948f,19,1.6
6,true,3,24,3f6a84e6b70,23,1.6
7,false,4,43,3ccf2f020f,20,1.5
8,true,4,43,3c330e0fef0,22,1.5
9,false,5,41,3333cf0a0f,20,1.5
10,true,5,41,3cccc30fef0,23,1.5
11,false,6,34,cccff010f,19,1.6
12,true,6,34,3f33300fef0,23,1.6
13,false,7,33,3ccff010f,19,1.6
14,true,7,33,3fc3300fef0,23,1.6
15,false,8,30,cff08cc0f,19,1.6
16,true,8,30,3f300fb33f0,23,1.5
17,false,9,28,33f30cc0f,18,1.5
18,true,9,28,3fcc0cf33b0,23,1.5
19,false,10,21,cff0cc0f,18,1.7
20,true,10,21,3ff300f33f0,24,1.6
21,false,11,20,cff0cc0f,18,1.7
22,true,11,20,3ff300f33f0,24,1.7
23,false,12,21,3606c3c0bf,19,1.7
24,true,12,21,3c9f93c3f10,23,1.7
25,false,13,37,aa2b7208cf,19,1.5
26,true,13,37,355d48df730,23,1.5
27,false,14,41,f0cce308cf,20,1.5
28,true,14,41,30f331cf730,22,1.5
29,false,15,39,f0333304cf,19,1.5
30,true,15,39,30fccccbb30,22,1.5
31,false,16,32,3c0cf308cf,19,1.6
32,true,16,32,3c3f30cf730,23,1.6
33,false,17,31,f0cf308cf,19,1.6
34,true,17,31,3f0f30cf730,23,1.6
35,false,18,28,cc3c3380cf,19,1.6
36,true,18,28,333c3cc7f20,22,1.6
37,false,19,25,cc0f0cc0df,19,1.6
38,true,19,25,333f0f33f20,23,1.6
39,false,20,18,3303ccc0df,19,1.8
40,true,20,18,3ccfc333f10,23,1.8
41,false,21,17,cc3ccc0df,19,1.8
42,true,21,17,3f33c333f00,22,1.9
43,false,22,39,f33ce500f,19,1.5
44,true,22,39,3f0cc31aff0,23,1.5
45,false,23,37,d99ee420f,19,1.6
46,true,23,37,3f26611a7f0,22,1.6
47,false,24,30,fc3c2c03ff,23,1.6
48,true,24,30,303c3e3fc00,19,1.6
49,false,25,23,6c0d8740bf,19,1.7
50,true,25,23,393f278bf40,23,1.7
51,false,26,15,134bc4b40f,18,1.8
52,true,26,15,3ecb43b4bf0,24,1.8
53,false,27,15,597c4b40f,18,1.7
54,true,27,15,3fa683b4bf0,24,1.8
55,false,28,26,2d2f04b40f,18,1.6
56,true,28,26,3d2d0fb4bb0,23,1.6
57,false,29,26,1a5e84b40f,18,1.6
58,true,29,26,3e5a17b4bf0,24,1.6
59,false,30,21,134bc2b40f,18,1.7
60,true,30,21,3ecb43d4bf0,24,1.7
61,false,31,21,597c2b40f,18,1.7
62,true,31,21,3fa683d4bf0,24,1.7
63,false,32,33,7758df00f,20,1.6
64,true,32,33,3f88a760ff0,23,1.6
65,false,33,27,11db57300f,19,1.6
66,true,33,27,3ee24ac4ff0,23,1.6
67,false,34,34,11db4fb00f,20,1.6
68,true,34,34,3ee24b44ff0,23,1.6
69,false,35,25,9b6cdb00f,19,1.7
70,true,35,25,3f649324ff0,23,1.7
71,false,36,37,16db0db00f,19,1.6
72,true,36,37,3e924f60df0,22,1.6
73,false,37,25,4f5add80f,20,1.7
74,true,37,25,3fb0a52a7f0,23,1.7
75,false,38,27,156d95680f,19,1.7
76,true,38,27,3ea926e17f0,23,1.7
77,false,39,39,35b615680f,19,1.6
78,true,39,39,3ca49ea97f0,23,1.6
79,false,40,26,87ae940bbf,22,1.7
80,true,40,26,378517bf440,21,1.7
81,false,41,16,161a67f097f,24,1.7
82,true,41,16,29e5980f680,18,1.7
83,false,42,2,1e9c0c0dff,21,1.7
84,true,42,2,3e163f3d200,20,1.7
85,false,43,12,4add2780f,18,1.8
86,true,43,12,3fb522d87f0,24,1.9
87,false,44,12,15bb2780f,18,1.8
88,true,44,12,3fea44d87f0,24,1.9
89,false,45,20,2b762780f,18,1.8
90,true,45,20,3fd489d87f0,24,1.8
91,false,46,13,953e2b40f,18,1.9
92,true,46,13,3f6ac1d4bf0,24,1.8
93,false,47,24,154f82b40f,18,1.7
94,true,47,24,3eab07d4bf0,24,1.7
95,false,48,24,a9f22b40f,18,1.7
96,true,48,24,3f560dd4bf0,24,1.7
97,false,49,13,2c7e2740f,18,1.8
98,true,49,13,3fd381d8bf0,24,1.8
99,false,50,37,13764af00f,19,1.6
100,true,50,37,3ec89b18ff0,23,1.6
101,false,51,34,156d89f00f,19,1.6
102,true,51,34,3ea92724ff0,23,1.6
103,false,52,39,556c91e80f,19,1.5
104,true,52,39,3aa936257f0,22,1.5
105,false,53,18,15718b80bf,19,1.8
106,true,53,18,3ea8e747f40,23,1.8
107,false,54,18,ae31b80bf,19,1.9
108,true,54,18,3f51ce47f20,23,1.9
109,false,55,12,af19680bf,19,1.9
110,true,55,12,3f50e697f40,23,1.9
111,false,56,23,2dc61680bf,19,1.7
112,true,56,23,3d239e97f40,23,1.7
113,false,57,12,5e33680df,19,1.9
114,true,57,12,3fa1cc97f40,23,1.9
115,false,58,23,1b8c3680bf,19,1.7
116,true,58,23,3e473c97f40,23,1.7
117,false,59,21,14ed0b40bf,19,1.8
118,true,59,21,3eb12f4bf40,23,1.8
119,false,60,21,9da1b40bf,19,1.8
120,true,60,21,3f625e4bf40,23,1.8
121,false,61,20,66bc49c0f,18,1.7
122,true,61,20,3f9943b63f0,24,1.7
123,false,62,33,9eb4eb00f,19,1.7
124,true,62,33,3f614b44ff0,23,1.7
125,false,63,17,6768b40bf,19,1.9
126,true,63,17,3f98974bf40,23,1.9
127,false,64,17,4ed1b40bf,19,1.9
128,true,64,17,3fb12e4bf40,23,1.9
129,false,65,10,55b4b80bf,19,2.0
130,true,65,10,3faa4b47f40,23,2.0
131,false,66,10,2b69b80ff,20,1.9
132,true,66,10,3fd49647f40,23,1.9
133,false,67,21,5a65ba43d,19,1.9
134,true,67,21,3fa59a45bc8,23,1.9
135,false,68,13,2d35ba437,19,2.0
136,true,68,13,3fd2ca45bc8,23,2.0
137,false,69,25,d346ba0b7,19,1.7
138,true,69,25,3f2cb945f44,23,1.7
139,false,70,14,4cd5ba0b7,19,1.9
140,true,70,14,3fb32a45f48,23,1.9
141,false,71,22,152a6ba13b,19,1.8
142,true,71,22,3ead5945ec8,23,1.8
143,false,72,27,54a8cba13b,19,1.6
144,true,72,27,3ab57345ec8,23,1.6
145,false,73,16,152acba13f,20,1.9
146,true,73,16,3ead5345ec4,23,1.8
147,false,74,10,12b52b40f7,19,2.0
148,true,74,10,3ed4ad4bf80,23,2.0
149,false,75,9,4daab407f,19,2.0
150,true,75,9,3fb2554bf80,23,2.1
151,false,76,9,2ad5b407f,19,2.1
152,true,76,9,3fd52a4bf80,23,2.1
153,false,77,10,96a9b407f,19,2.0
154,true,77,10,3f69564bf80,23,2.0
155,false,78,49,3ccf8ea383,21,1.5
156,true,78,49,3c330b2acbc,21,1.6
157,false,79,47,3333cf4343,20,1.5
158,true,79,47,3cccc305cfc,22,1.5
159,false,80,39,30ccfd5343,20,1.6
160,true,80,39,3cf33015c7c,22,1.6
161,false,81,37,cccfd5343,20,1.6
162,true,81,37,3f333015c7c,22,1.6
163,false,82,23,1d43c7406f,19,1.7
164,true,82,23,3e2bc38bf90,23,1.7
165,false,83,22,763c6486f,19,1.8
166,true,83,22,3f89c38bf90,23,1.8
167,false,84,23,1761c6886f,19,1.7
168,true,84,23,3e89e397790,23,1.7
169,false,85,22,5f1c6886f,19,1.8
170,true,85,22,3fa0e393f90,23,1.8
171,false,86,40,4393ed5983,20,1.5
172,true,86,40,3bc6c12a67c,22,1.5
173,false,87,43,a333cd5983,20,1.5
174,true,87,43,35ccc32a67c,22,1.5
175,false,88,25,35787f049,18,1.7
176,true,88,25,3fca8780fb6,24,1.7
177,false,89,17,173c7e849,18,1.8
178,true,89,17,3fe8c3817b6,24,1.8
179,false,90,28,14a7733493,19,1.6
180,true,90,28,3eb588ccf6c,24,1.6
181,false,91,16,173c7f029,18,1.8
182,true,91,16,3fe8c380fd6,24,1.9
183,false,92,17,8adb9e429,18,1.8
184,true,92,17,3f752461bd6,24,1.8
185,false,93,34,333f04f033,19,1.6
186,true,93,34,3ccc0fb0fcc,23,1.6
187,false,94,25,333f0f033,18,1.7
188,true,94,25,3fccc0f0fcc,24,1.7
189,false,95,24,333f0f033,18,1.8
190,true,95,24,3fccc0f0fcc,24,1.8
191,false,96,32,ccfc0f833,19,1.6
192,true,96,32,3f3303f0bcc,23,1.6
193,false,97,21,3d34da22f,19,1.8
194,true,97,21,3fc2cb25dd0,23,1.8
195,false,98,13,1e9ada22f,19,1.9
196,true,98,13,3fe16525dc2,23,1.9
197,false,99,29,6e5e4926b,19,1.7
198,true,99,29,3f91a1b6994,22,1.7
199,false,100,29,cb5ca946b,19,1.8
200,true,100,29,3f34a254bb4,22,1.7
201,false,101,30,2f9df9449,20,1.7
202,true,101,30,3fd06206fb6,23,1.7
203,false,102,31,3abbe6246,19,1.6
204,true,102,31,3fc544395b9,23,1.6
205,false,103,31,4f5bf3049,19,1.7
206,true,103,31,3fb0a60cbb6,23,1.6
207,false,104,31,8f5de6946,20,1.6
208,true,104,31,3f70a219eb9,23,1.6
209,false,105,33,ae73f2249,19,1.5
210,true,105,33,3f518e0dd36,23,1.6
211,false,106,30,3b9be60c6,19,1.7
212,true,106,30,3fc46419f39,23,1.7
213,false,107,25,d5a65a22f,19,1.8
214,true,107,25,3f2a59a5dd0,23,1.8
215,false,108,14,356b5a22f,19,1.9
216,true,108,14,3fca94a5dd0,23,1.9
217,false,109,14,3c5b5a12f,19,1.9
218,true,109,14,3fc3a4a5ec2,23,2.0
219,false,110,14,6935b912f,19,1.9
220,true,110,14,3f96ca46ed0,23,1.9
221,false,111,22,b9565a12f,19,1.8
222,true,111,22,3f46a9a5ec4,23,1.8
223,false,112,27,2e54c9a12f,19,1.7
224,true,112,27,3d1ab365ed0,23,1.7
225,false,113,16,b9569a12f,19,1.9
226,true,113,16,3f46a965ed0,23,1.9
227,false,114,41,4eab0399db,21,1.6
228,true,114,41,3b154fc6634,22,1.6
229,false,115,41,2f558199cb,20,1.6
230,true,115,41,3d0aa7e6634,22,1.5
231,false,116,38,176ac19acb,20,1.6
232,true,116,38,3e8953e6534,22,1.6
233,false,117,35,7b5e4c34b,20,1.6
234,true,117,35,3f84a1b3cb4,22,1.6
235,false,118,29,9dae4934f,20,1.8
236,true,118,29,3f6251b6c94,22,1.8
237,false,119,27,740c66553b,19,1.7
238,true,119,27,38bf399aac4,23,1.7
239,false,120,24,4ebd2d21b,19,1.8
240,true,120,24,3fb142d2de4,23,1.8
241,false,121,24,575a9c61b,19,1.7
242,true,121,24,3fa8a5639e4,23,1.7
243,false,122,13,114bd8b41b,18,1.8
244,true,122,13,3eeb4274be4,24,1.8
245,false,123,23,ae93ce11f,20,1.7
246,true,123,23,3f516c33ea0,22,1.7
247,false,124,35,2ba43ce11f,20,1.6
248,true,124,35,3d45bc39ee0,23,1.6
249,false,125,32,2ba23c611f,19,1.7
250,true,125,32,3d45dc39ea0,22,1.7
251,false,126,31,bd23cc11f,19,1.6
252,true,126,31,3f42dc33ee0,23,1.6
253,false,127,47,f033d98d3c,21,1.5
254,true,127,47,30fcc2672c3,21,1.5
255,false,128,45,f00cf0ce3c,19,1.5
256,true,128,45,30ff30d31c3,22,1.5
257,false,129,37,cc03f98d3c,20,1.6
258,true,129,37,333fc09b1c3,22,1.6
259,false,130,35,3303f64e3c,20,1.6
260,true,130,35,3ccfc09b143,21,1.6
261,false,131,41,ca25b59933,20,1.5
262,true,131,41,335da4a66cc,22,1.5
263,false,132,38,6292f59933,20,1.6
264,true,132,38,39d6d0a66cc,22,1.6
265,false,133,30,ccef0e623,19,1.6
266,true,133,30,3f3311f11dc,23,1.6
267,false,134,24,6a765f015,18,1.8
268,true,134,24,3f9589a0fea,24,1.8
269,false,135,24,93755f015,18,1.7
270,true,135,24,3f6c8aa0fea,24,1.8
271,false,136,17,157b3e22a,18,1.9
272,true,136,17,3fea84c1dd5,24,1.9
273,false,137,30,b5e07e415,18,1.6
274,true,137,30,3f4a1f81bea,24,1.6
275,false,138,19,2d787e415,18,1.7
276,true,138,19,3fd28781bea,24,1.7
277,false,139,25,96bc3e415,18,1.7
278,true,139,25,3f6943c1bea,24,1.7
279,false,140,30,25af03e415,18,1.6
280,true,140,30,3da50fc1bea,24,1.6
281,false,141,19,96bc3e415,18,1.8
282,true,141,19,3f6943c1bea,24,1.8
283,false,142,28,5af07e825,18,1.7
284,true,142,28,3fa50f817da,24,1.7
285,false,143,28,ad783e825,18,1.7
286,true,143,28,3f5287c17da,24,1.7
287,false,144,17,2b5e3e825,18,1.8
288,true,144,17,3fd4a1c17da,24,1.8
289,false,145,25,c3fc700f3,19,1.7
290,true,145,25,3f3c038ff0c,23,1.7
291,false,146,29,303fcb00f3,19,1.6
292,true,146,29,3cfc030ff0c,22,1.6
293,false,147,28,c3fcf00f3,20,1.7
294,true,147,28,3f3c038ff0c,23,1.6
295,false,148,24,33fcf00f3,20,1.7
296,true,148,24,3fcc030ff0c,22,1.7
297,false,149,22,ffc700f7,20,1.8
298,true,149,22,3ff0038ff08,22,1.8
299,false,150,26,ffc700fb,20,1.7
300,true,150,26,3ff0034ff08,22,1.7
301,false,151,25,ffc700fb,20,1.8
302,true,151,25,3ff0038ff08,22,1.8
303,false,152,21,ffcb00f7,20,1.8
304,true,152,21,3ff0034ff04,22,1.8
305,false,153,25,ffcb00f3,19,1.7
306,true,153,25,3ff0034ff0c,23,1.7
307,false,154,24,ffcf00f3,20,1.8
308,true,154,24,3ff0034ff0c,23,1.7
309,false,155,38,26d525aae3,20,1.6
310,true,155,38,3d92ada551c,22,1.6
311,false,156,37,266b25aae3,20,1.6
312,true,156,37,3d994da551c,22,1.6
313,false,157,43,1aec0fa5a5,20,1.5
314,true,157,43,3e513f05a5a,22,1.5
315,false,158,40,e760f65a5,20,1.6
316,true,158,40,3f189f09a5a,22,1.6
317,false,159,39,5eb5f2c45,20,1.6
318,true,159,39,3fa14e28e3a,22,1.6
319,false,160,37,9db5e7125,20,1.6
320,true,160,37,3f624e5135a,22,1.6
321,false,161,37,6ed8ceca5,20,1.6
322,true,161,37,3f91273135a,22,1.6
323,false,162,40,edb0769a5,20,1.6
324,true,162,40,3f124f8965a,22,1.6
325,false,163,39,76d8769a5,20,1.6
326,true,163,39,3f89278965a,22,1.6
327,false,164,43,1db60769a5,20,1.5
328,true,164,43,3e249f8965a,22,1.5
329,false,165,31,3b6cf4a25,19,1.6
330,true,165,31,3fc4920b7da,23,1.6
331,false,166,33,76d8f48a5,19,1.6
332,true,166,33,3f89270b6da,23,1.6
333,false,167,32,f033313333,19,1.6
334,true,167,32,30fcccecccc,23,1.6
335,false,168,22,3c03cc3337,19,1.8
336,true,168,22,3c3fc33ccc4,23,1.8
337,false,169,21,f03cc3337,19,1.8
338,true,169,21,3f0fc33ccc0,22,1.8
339,false,170,29,f00ccc333b,19,1.7
340,true,170,29,30ff333ccc4,23,1.7
341,false,171,26,219728989bf,21,1.7
342,true,171,26,1e68d767640,21,1.7
343,false,172,11,20c76880eff,21,1.8
344,true,172,11,1f38977e100,20,1.8
345,false,173,10,17b1a06ff,20,1.9
346,true,173,10,3fe84e5f900,22,1.8
347,false,174,10,80bd8a06ff,20,1.9
348,true,174,10,37f4275f900,22,1.9
349,false,175,12,1f62906ff,20,1.8
350,true,175,12,3fe09d6f900,22,1.8
351,false,176,12,817b1206ff,20,1.9
352,true,176,12,37e84edf900,22,1.9
353,false,177,12,10fb2106ff,20,1.8
354,true,177,12,3ef04def900,22,1.8
355,false,178,26,713c8523ef,21,1.6
356,true,178,26,38ec37adc10,21,1.7
357,false,179,10,53e8906ff,20,1.8
358,true,179,10,3fac176f900,22,1.9
359,false,180,28,5f4ce11e3,19,1.7
360,true,180,28,3fa0b11ee9c,23,1.7
361,false,181,28,b699c916b,19,1.8
362,true,181,28,3f496436e9c,23,1.7
363,false,182,37,13d9d5434b,20,1.6
364,true,182,37,3ec263e5534,22,1.6
365,false,183,31,256bb4a14b,19,1.6
366,true,183,31,3da944b5eb4,23,1.6
367,false,184,31,15b5ca214f,19,1.6
368,true,184,31,3ea4a35de90,22,1.6
369,false,185,35,b73839acb,20,1.6
370,true,185,35,3f48c563cb4,22,1.6
371,false,186,29,11b9e9924b,19,1.7
372,true,186,29,3ee46166db4,23,1.7
373,false,187,33,5ff4050f5,19,1.6
374,true,187,33,3fa00bfaf0a,23,1.6
375,false,188,25,390656553f,20,1.7
376,true,188,25,3c6f9a9aad0,23,1.7
377,false,189,26,2b6f0313bf,22,1.7
378,true,189,26,3d490fdec40,21,1.7
379,false,190,24,47fe450f6,20,1.7
380,true,190,24,3fb801faf09,23,1.7
381,false,191,9,3c33300fff,22,1.7
382,true,191,9,3c3cccff000,20,1.8
383,false,192,24,3cccc00fff,22,1.7
384,true,192,24,3c3333ff000,20,1.7
385,false,193,40,3f0c3c0fcf,22,1.5
386,true,193,40,3c0f3c3f030,20,1.5
387,false,194,24,3cc30f0fcf,22,1.7
388,true,194,24,3c33cf0f030,20,1.7
389,false,195,39,13dd1e86c3,20,1.6
390,true,195,39,3ec22e1793c,22,1.6
391,false,196,31,4f75d0cc3,19,1.6
392,true,196,31,3fb08a0f33c,22,1.6
393,false,197,39,f333e2ac3,20,1.6
394,true,197,39,3f0ccc2ea3c,22,1.6
395,false,198,37,f333d15c3,20,1.6
396,true,198,37,3f0ccc1d53c,22,1.6
397,false,199,34,3f33c0ccf,20,1.6
398,true,199,34,3fc0cc3f330,22,1.6
399,false,200,35,3f33c0ccf,20,1.6
400,true,200,35,3fc0cc3f330,22,1.6
401,false,201,30,3ccfc0ccf,20,1.7
402,true,201,30,3fc3303f330,22,1.7
403,false,202,29,3ccfc0ccf,20,1.7
404,true,202,29,3fc3303f330,22,1.7
405,false,203,26,fcfc0ccf,20,1.7
406,true,203,26,3ff0303f330,22,1.7
407,false,204,25,fcfc0ccf,20,1.7
408,true,204,25,3ff0303f330,22,1.8
409,false,205,39,f333d15c3,20,1.5
410,true,205,39,3f0ccc2ea3c,22,1.6
411,false,206,37,f333e2ac3,20,1.6
412,true,206,37,3f0ccc2ea3c,22,1.6
413,false,207,31,3ccfd0cc3,19,1.6
414,true,207,31,3fc3302f33c,23,1.7
415,false,208,30,3ccfd0cc3,19,1.7
416,true,208,30,3fc3301f33c,23,1.7
417,false,209,41,33cccd15c3,20,1.5
418,true,209,41,3cc3331d53c,22,1.5
419,false,210,39,fccce2ac3,20,1.6
420,true,210,39,3f03331d53c,22,1.6
421,false,211,39,cfcce2ac3,20,1.6
422,true,211,39,3f30331d53c,22,1.6
423,false,212,37,3fccd15c3,20,1.7
424,true,212,37,3fc0331d53c,22,1.6
425,false,213,35,cf33e0cc3,19,1.5
426,true,213,35,3f30cc2ea3c,22,1.6
427,false,214,33,3f33d15c3,20,1.6
428,true,214,33,3fc0cc1d53c,22,1.6
429,false,215,31,33f3f0cc3,20,1.6
430,true,215,31,3fcc0c3e33c,23,1.7
431,false,216,30,1f6dd0cc3,19,1.7
432,true,216,30,3fe0921f33c,23,1.7
433,false,217,37,5fd4c55cc,20,1.6
434,true,217,37,3fa02b25d33,22,1.6
435,false,218,13,4abb8741d,18,1.9
436,true,218,13,3fb54478be2,24,1.9
437,false,219,25,1173d6621d,19,1.7
438,true,219,25,3ee8c299de2,23,1.7
439,false,220,25,567d4e21d,19,1.7
440,true,220,25,3fa98291de2,22,1.7
441,false,221,25,fa538491f,19,1.7
442,true,221,25,3f05ac6bee0,23,1.7
443,false,222,37,3e9438491f,19,1.6
444,true,222,37,3c16bc7b660,22,1.6
445,false,223,23,7ca9d411f,19,1.7
446,true,223,23,3f83562bee0,23,1.7
447,false,224,35,1f2a1c591f,20,1.6
448,true,224,35,3e0d5e2bee0,23,1.6
449,false,225,32,1f251c491f,19,1.6
450,true,225,32,3e0dae2bee0,23,1.7
451,false,226,42,69ba484777,21,1.5
452,true,226,42,39645b73888,20,1.5
453,false,227,25,17a272a11f,19,1.7
454,true,227,25,3e85d8c7ee0,23,1.7
455,false,228,37,5e8872a91f,20,1.6
456,true,228,37,3a177847ee0,22,1.6
457,false,229,31,7d51cc11f,19,1.7
458,true,229,31,3f82ae33ee0,23,1.7
459,false,230,37,7de13e833,20,1.6
460,true,230,37,3f821ec17cc,22,1.6
461,false,231,29,1f78fc033,19,1.7
462,true,231,29,3fe08781fcc,23,1.7
463,false,232,28,17f87d033,19,1.7
464,true,232,28,3fe80782fcc,23,1.8
465,false,233,35,5fe0ec533,20,1.7
466,true,233,35,3fa01ea27cc,22,1.7
467,false,234,32,f3c0fc03f,20,1.6
468,true,234,32,3f0c3f03fc0,22,1.6
469,false,235,31,f3c0fc03f,20,1.7
470,true,235,31,3f0c3f03fc0,22,1.7
471,false,236,27,3fc0fc03f,20,1.7
472,true,236,27,3fc03f03fc0,22,1.7
473,false,237,28,3fc0fc03f,20,1.7
474,true,237,28,3fc03f03fc0,22,1.7
475,false,238,23,3cf0fc03f,20,1.7
476,true,238,23,3fc30f03fc0,22,1.8
477,false,239,22,3cf0fc03f,20,1.8
478,true,239,22,3fc30f03fc0,22,1.8
479,false,240,19,ff0fc03f,20,1.8
480,true,240,19,3ff00f03fc0,22,1.8
481,false,241,18,ff0fc03f,20,1.8
482,true,241,18,3ff00f03fc0,22,1.8
483,false,242,37,f3c17e833,20,1.7
484,true,242,37,3f0c3d42bcc,22,1.7
485,false,243,35,f3c17e833,20,1.7
486,true,243,35,3f0c3e817cc,22,1.7
487,false,244,29,3cf1fc033,19,1.7
488,true,244,29,3fc30c03fcc,22,1.7
489,false,245,28,3cf1fc033,19,1.7
490,true,245,28,3fc30c03fcc,22,1.7
491,false,246,39,fcf0ad433,20,1.6
492,true,246,39,3f030f52bcc,22,1.6
493,false,247,37,fcf05e833,20,1.7
494,true,247,37,3f030f52bcc,22,1.6
495,false,248,35,3ff0ad433,20,1.6
496,true,248,35,3fc00fa17cc,22,1.6
497,false,249,37,3ff05e833,20,1.6
498,true,249,37,3fc00fa17cc,22,1.6
499,false,250,33,3f3c5e833,20,1.6
500,true,250,33,3fc0c352bc8,21,1.6
501,false,251,31,3f3cad433,20,1.7
502,true,251,31,3fc0c352bc8,21,1.7
503,false,252,29,ffc3e033,19,1.6
504,true,252,29,3ff00383fcc,23,1.6
505,false,253,28,ffc7c033,19,1.7
506,true,253,28,3ff00343fcc,23,1.7
507,false,254,11,3277101dff,22,1.8
508,true,254,11,3cd88efe200,20,1.8
509,false,255,17,1cf940d5bf,22,1.7
510,true,255,17,3e306bfaa40,21,1.8
511,false,256,2,17e13a1ff,21,1.8
512,true,256,2,3fe81ec5e00,21,1.8
513,false,257,4,4fc13a1ff,21,1.8
514,true,257,4,3fb0bec5e00,22,1.8
515,false,258,31,7796160cf,19,1.7
516,true,258,31,3f8869b9f10,22,1.7
517,false,259,32,16f16150cf,19,1.7
518,true,259,32,3e90e9baf30,23,1.6
519,false,260,13,7522c61ff,20,1.7
520,true,260,13,3f8a9d39e00,21,1.8
521,false,261,12,a7d420aff,20,1.9
522,true,261,12,3f582bdf500,22,1.9
523,false,262,21,182fa122ff,20,1.7
524,true,262,21,3e7d05edd00,22,1.7
525,false,263,27,195e8222ff,20,1.7
526,true,263,27,3e6a17ddd00,22,1.7
527,false,264,10,8be6112ff,20,1.9
528,true,264,10,3f7419eed00,22,1.9
529,false,265,21,a4fa128ff,20,1.8
530,true,265,21,3f5b05ed700,22,1.7
531,false,266,21,92f3130ff,20,1.8
532,true,266,21,3f6d0cecf00,22,1.8
533,false,267,27,14bcc130ff,20,1.7
534,true,267,27,3eb433ecf00,22,1.7
535,false,268,27,d5e8124ff,20,1.7
536,true,268,27,3f2a17edb00,22,1.7
537,false,269,25,1007ea129bf,20,1.7
538,true,269,25,2ff895ad640,22,1.7
539,false,270,25,276a729bf,21,1.7
540,true,270,25,3fd8958d640,21,1.7
541,false,271,25,dd4f29bf,21,1.8
542,true,271,25,3ff02b2d640,21,1.7
543,false,272,17,3aac0e23df,21,1.7
544,true,272,17,3c553f1dc20,21,1.7
545,false,273,18,5b8a7837f,21,1.8
546,true,273,18,3fa47587c80,21,1.7
547,false,274,37,10272a4cafb,20,1.5
548,true,274,37,2fd8d4b3504,21,1.6
549,false,275,42,102ea98cafb,21,1.5
550,true,275,42,2fd15673504,21,1.5
551,false,276,37,66ec186fb,20,1.5
552,true,276,37,3f9992a7904,21,1.6
553,false,277,42,6db1b06fb,21,1.5
554,true,277,42,3f924e4f904,21,1.6
555,false,278,42,b569686fb,21,1.5
556,true,278,42,3f4a9697904,21,1.5
557,false,279,34,7b2aa46fb,21,1.6
558,true,279,34,3f84d55b904,21,1.6
559,false,280,28,3d4b646fb,21,1.7
560,true,280,28,3fc2b49b904,21,1.7
561,false,281,37,975a48afb,20,1.6
562,true,281,37,3f69a5a7504,22,1.6
563,false,282,37,9daa4a2fb,20,1.5
564,true,282,37,3f6354a5d04,21,1.6
565,false,283,42,b9a9b22fb,21,1.5
566,true,283,42,3f46564dd04,21,1.5
567,false,284,22,17f31c03f,19,1.8
568,true,284,22,3fe80cd3fc0,23,1.8
569,false,285,23,47e71c03f,19,1.7
570,true,285,23,3fb818e3fc0,23,1.7
571,false,286,27,85763030ff,20,1.7
572,true,286,27,37a89cfcf00,22,1.7
573,false,287,34,137e4860eb,19,1.6
574,true,287,34,3ec81b79f14,23,1.6
575,false,288,25,10dfd060eb,19,1.7
576,true,288,25,3ef202f9f14,23,1.7
577,false,289,21,451e9828ff,20,1.8
578,true,289,21,3bae167d700,22,1.8
579,false,290,19,db85621ff,21,1.8
580,true,290,19,3f24fa9de00,22,1.7
581,false,291,27,6ed4343bf,21,1.7
582,true,291,27,3f912bdbc40,22,1.7
583,false,292,25,27ec213bf,20,1.7
584,true,292,25,3fd813dec40,22,1.7
585,false,293,16,1ae4f837f,21,1.8
586,true,293,16,3fe51b07c80,21,1.8
587,false,294,27,2bb1749df,21,1.7
588,true,294,27,3fd44e9b620,22,1.7
589,false,295,33,36d868cbcf,22,1.6
590,true,295,33,3c927973430,20,1.6
591,false,296,37,33f31031cf,20,1.5
592,true,296,37,3cc0cdfcd30,22,1.5
593,false,297,36,ff31031cf,20,1.6
594,true,297,36,3f00cdfcd30,22,1.6
595,false,298,34,cff1030cf,19,1.6
596,true,298,34,3f300dfcf30,23,1.6
597,false,299,33,3ff1030cf,19,1.6
598,true,299,33,3fc00cfcf30,22,1.6
599,false,300,35,fcf1030df,20,1.6
600,true,300,35,3f030efcf10,22,1.6
601,false,301,34,fcf1031cf,20,1.6
602,true,301,34,3f030dfcd30,22,1.7
603,false,302,30,3ff1030df,20,1.7
604,true,302,30,3fc00dfcf20,22,1.7
605,false,303,31,3ff1030df,20,1.7
606,true,303,31,3fc00dfcf20,22,1.7
607,false,304,34,fcf2030cf,19,1.6
608,true,304,34,3f030dfcf30,23,1.6
609,false,305,33,fcf2030cf,19,1.7
610,true,305,33,3f030efcf30,23,1.7
611,false,306,42,1197a86077b,21,1.5
612,true,306,42,2e68579f884,21,1.5
613,false,307,27,3f0f1c0ff,21,1.8
614,true,307,27,3fc0f0e3f00,21,1.8
615,false,308,28,3f0f2c0ff,21,1.7
616,true,308,28,3fc0f0d3f00,21,1.7
617,false,309,24,3f0f1c0ff,21,1.7
618,true,309,24,3fc0f0e3f00,21,1.8
619,false,310,23,3f0f2c0ff,21,1.8
620,true,310,23,3fc0f0e3f00,21,1.8
621,false,311,18,fcf1c0ff,21,1.9
622,true,311,18,3ff030d3f00,21,1.9
623,false,312,19,fcf1c0ff,21,1.8
624,true,312,19,3ff030e3f00,21,1.8
625,false,313,15,fcf1c0ff,21,1.9
626,true,313,15,3ff030e3f00,21,1.9
627,false,314,14,fcf1c0ff,21,1.9
628,true,314,14,3ff030e3f00,21,1.9
629,false,315,31,3f0f1c03f,19,1.7
630,true,315,31,3fc0f0e3fc0,23,1.7
631,false,316,32,3f0f1c03f,19,1.7
632,true,316,32,3fc0f0d3fc0,23,1.7
633,false,317,22,fcf1c03f,19,1.8
634,true,317,22,3ff030d3fc0,23,1.8
635,false,318,23,fcf1c03f,19,1.8
636,true,318,23,3ff030c3fc0,22,1.8
637,false,319,34,cfc32c23f,20,1.7
638,true,319,34,3f303cd3dc0,22,1.6
639,false,320,35,30fc31c13f,20,1.6
640,true,320,35,3cf03ce3ec0,22,1.6
641,false,321,32,cfc32c03f,19,1.7
642,true,321,32,3f303cd3fc0,23,1.8
643,false,322,31,3fc31c03f,19,1.7
644,true,322,31,3fc03ce3fc0,23,1.7
645,false,323,26,33f31c03f,19,1.7
646,true,323,26,3fcc0cd3fc0,23,1.7
647,false,324,27,c3f32c03f,19,1.7
648,true,324,27,3f3c0cd3f40,22,1.7
649,false,325,23,33f32c0bf,20,1.8
650,true,325,23,3fcc0ce3fc0,23,1.8
651,false,326,22,ff32c0bf,20,1.8
652,true,326,22,3ff00cc3fc0,22,1.8
653,false,327,27,100ed4789bf,21,1.7
654,true,327,27,2ff12b87640,21,1.7
655,false,328,27,4dd8729df,21,1.7
656,true,328,27,3fb0279d620,21,1.7
